0,1,2,3,4,5,6,7,Class
0.35822810778661457,1.1501816834991148,-0.6131272711006636,-1.2646727458180056,0.5621900580007279,-1.0999317431283135,0.693112907031057,0.814391363443138,1
-1.156729406892555,-0.5167964910333557,-0.4118175565405628,0.4858826470416513,-1.0972533152568267,0.01501164046355733,-0.13864099756531909,1.8991525401570062,3
-0.8514763258128114,0.7705966983987051,-0.0407805477795379,-1.3867568143388036,-0.5060710647169987,0.05471263948711003,0.3580657100732899,-0.7691104335154899,0
0.6744209154532053,0.8295789864699359,-0.1652119205834156,-0.14673472778551286,-0.1613762178151689,-0.5431529103293153,-1.110409673723314,-1.8208087093464989,4
-0.7341906683669166,0.3050739229052689,1.461723949677134,1.7977953084784217,0.7326028046620942,1.875959605455505,-0.01997715557157288,1.7263544286191221,4
0.35859808531451903,-1.2086053870709177,-0.545008382225864,-0.04652484481317123,-0.10541925120416563,0.4997812098347907,1.051253266763688,0.37963731188142846,3
0.6439091326748548,0.8261948877769428,1.340016309666902,0.3517721227229274,1.0997785772247957,-0.965822727471836,-0.7857697130420456,1.0151285392695237,0
0.30604960523052305,-0.1278630974717307,-1.129262155201039,-1.8619328762379843,0.49418418524217694,-1.0162975945675807,-0.5561676881373349,0.9691233802076085,1
0.6272331870405254,-1.2808696918921543,1.9471321950048635,-1.0350629180099669,-1.8789033353670612,-1.7245438337584345,1.2947542451969496,-1.2645653864050166,6
0.28438152902722574,0.2933326786595424,-0.30268735426118365,-0.7328382607621102,2.4259960736350252,0.47387906994859696,1.0799404823925711,-1.2365311631568405,6
1.2108634293429077,-1.1219427612737203,-0.8852443305262273,-2.344749876321827,0.13663485392868288,-1.2160630053564947,-0.8270495455760204,0.8955099640169285,1
1.5610158709798823,-0.18582258455438588,0.013704437646439404,0.4194337874576901,0.773199170904746,0.6320885103733984,0.6370094973756961,-1.3009480823334745,6
-2.2568286077342905,0.6196742979900087,-0.689280835718913,1.872419265783383,-0.2121657912819112,0.27960155021925914,0.36224888120741017,-0.0002678335850753285,5
-0.7096447891427399,0.15783672055033138,-0.8917022560935115,-0.4249075216194016,-0.2857878844909716,0.20707492483116316,-1.8367228463692515,-0.6456671040314748,3
-1.452393444378089,-1.1866829600218938,0.8871696201537259,-0.3229970290029947,-1.200983532071239,0.5130905326857861,-0.0715696685754896,-1.4835152978266937,4
1.1975898783108068,-0.5323716150308667,-0.912334257389315,1.4840907771408556,0.00813446516494554,-1.694279834140574,-0.2962984627468031,0.6108817299157642,6
-1.2456053510943044,0.539202863738609,-1.3082175640767328,2.3829424411822475,-1.5218894657043998,2.314828862348516,0.4779314725391316,0.22342045325908463,6
0.5939728902804129,-0.8836662488605143,-2.2980234655415455,0.8835125574447807,-0.5661027005354786,0.3632674788895124,1.600354193931571,-0.16111619243674874,5
0.7344630532602532,0.8982258731173893,-2.5005073029394502,1.8522808843554792,-2.5794817687886944,-1.315055135427203,0.2326635051828826,-0.7453618369780988,5
1.7615712051276131,-0.19984385572660332,-0.007961492654344725,-0.6065644101846149,-0.8594782860522161,-0.7629130010035707,0.8859683861929369,-0.9167498649323887,4
-0.2242921674869525,-0.9290533761405948,1.375976568567114,1.5971072972568092,-0.7204257833036825,-1.1643310664419328,-1.1985921094002412,0.36124878905611346,5
-0.4513770627507141,-0.7501243412595112,0.6432206961270046,-1.0775319945438457,0.028555630967176657,1.5882986452929597,-1.3887486259521762,0.3399183159292094,5
-1.791897682557093,-1.7759911036554576,2.2528552104080393,-0.19337556965825947,0.29844046748307207,-1.698600891710519,-1.3237504638910504,-1.0569052006018977,6
0.009026018654685128,-1.7041975841865278,-0.3684187313242211,-1.690102529842013,0.8235982703314689,0.04727647405277147,1.4655741031576526,-1.1799844301538018,3
1.474338257859123,-0.3825452513136916,-0.5804222606714695,-0.45060146220107083,0.8146898386993507,0.5055212824908404,0.8471034142252756,0.9198412408344316,6
-1.1917664850501333,1.0291757238226409,-0.685172902553583,0.39747560080410366,0.6654987525446614,-1.5037986258018146,-1.8033914760218377,0.7790655024459396,3
-1.0403561408570818,0.3610987099657777,0.1339142927044108,-0.17431221811951889,-1.0842086673871387,-1.5326948113990115,1.1739917730225755,0.9722976218484498,0
-2.183009259904658,-0.09210585245050765,0.18867465062283703,-1.3067729984566243,-1.1149001814047992,0.4930270551402705,1.8987447114401983,0.5208046550329242,0
-3.486683851957836,0.12678577919392817,1.0959897716472422,-0.49741733211194616,-1.3244576058440725,-0.9745556063071243,0.19541986339321052,0.19832868764045056,5
0.8434817099515824,0.1721928646986144,-1.195704519312097,-0.20935850596633182,-0.13591893526451032,-1.6572432431620878,1.3351029469220466,1.7447122313252859,1
-2.327733196601474,-0.07998264831594748,1.528683375687524,0.42235524285589987,-1.7690677300116688,0.12152312470337881,-0.9044956660781411,-0.7688751941519468,0
-0.4105547044727002,-1.229915376818405,-1.6683957484553584,2.333302985678141,-0.9941545682498126,-1.1735530584507443,0.37655283400176814,-0.036166781796520345,0
-1.0995706939529903,0.5895925017783546,0.8686497736032658,0.5173183461127667,-1.061185247481493,0.7187950145663945,-0.7098797982310266,0.8635967521858127,6
0.46116604192626787,1.196530498982595,0.3673431124936682,0.0667847672358443,0.5624484995919445,-0.4451161162999135,0.3290051154359268,1.113860789169282,4
0.2622209755788714,1.328495662707101,-1.1756375050533414,0.9746145910053149,0.6452014886633575,-0.9134094311377242,-0.7972129420862456,1.0456793028458875,6
-0.5727315512364328,-1.6021096375239805,-0.7279951637580697,1.4463102190092736,-0.4401349692887804,0.6231670050207174,1.014823152895359,0.09963279681189509,0
-0.2109331891332119,-2.0433903821472224,-0.08201822951911747,-1.3614418837423772,-0.06124301258097925,0.6933623093570699,0.9657702984033003,0.5478199713029366,3
-1.2494497221467744,0.7286719249302532,-0.6311396739898758,-0.7406099158347996,1.4738924753912148,0.47842406332938253,-1.6220291102941364,1.0949015662731265,3
0.9556796920660792,0.7954585857351495,-2.517585962787989,1.985223057316305,-0.560812771261838,-0.24926418478076393,-0.3925003660131071,-0.015319249756855296,5
-0.998945379042544,1.3506762312529454,0.3174672275674291,0.3568858533165161,1.8665963640213985,0.7102628073343878,-2.486624593292201,0.1105889692522625,0
-1.6618586647068283,0.8047958982340233,-0.11685145945441597,2.1444857398692614,2.119950889002773,-1.5671699869271578,-1.593692185133886,-0.5691232438585753,6
1.2701345210063546,-1.9781365535005517,-0.6618898090320465,0.5007008266387803,-2.7218909253683434,-0.7428810370485885,0.5888511788745712,0.22446583406093654,0
-1.2575574826325169,-0.6874895218337207,0.9036363249776381,-0.43738397447166255,-0.2571908882311105,-1.5085917461314735,0.9562884785548073,0.7347598779764721,0
2.076955684701501,-0.48554806167022385,-1.0759413549984864,2.0415165010533496,-0.04809026158886535,1.6882767188004868,-0.7525472242143859,-1.2939800105193493,1
2.1327879896462147,-1.0379262078697686,-0.8097418046953389,-0.7943078617151296,-0.6892709350859761,-1.0639965918030647,-0.8170202225640192,-0.8917412866096665,4
0.1583171889812192,0.8163103998252411,0.31443314804246325,1.6590690085597959,-0.43332858815378855,0.15945577063113284,-2.2164313221134457,-0.26094111533625897,3
-0.42898525907271556,-0.6271236753202067,-0.5399601213224395,-0.5821138766611995,-1.6897321805658936,2.098949187450277,-0.3399855312286265,-1.5933969609812157,2
0.09225315798977603,0.9273649390102131,-1.8577325535809799,0.10067219568838767,-0.9711933469104383,1.454848122376572,0.3971474968016406,1.3156950997545265,5
-0.47880766312585316,0.29375868840614217,-0.13089490816881172,-0.8702977521538692,0.7215454480883551,-1.6886706901934045,-0.6622553108145085,0.25429496533411805,3
-0.032441078103338516,0.46312678947112484,1.8153113659501163,-1.0225619437552147,0.13138869270406828,0.8906342757027302,-1.2426072434085667,2.6231888975558344,3
-1.6510805281393717,-0.09984010673397406,1.1433853197182902,-0.1884607824534654,1.03774956001083,0.6039624618524376,0.7872957687813252,0.6709286142520433,1
0.30486826839727504,-1.1067286672660632,-1.1956305942029204,-0.8041748578643579,0.23241233001119554,0.9936752274575001,0.860372754845707,-0.41785538850158027,1
0.6182016029243429,-2.3729109863350035,1.0042830778015988,1.665809814999651,0.833295461598496,0.15866532419398202,-0.12214991094810852,-0.5588866820507842,2
-0.9805717117242634,-0.8471962301723391,-1.9107364983465878,0.25109280079189444,-1.0195696868473858,0.3093327432399609,0.4671881329840101,-0.8764251726797343,3
-1.4679259352025633,-1.0239144809739569,1.8894504541208854,-0.6154429383895983,0.14351520858705322,0.9088854323811497,0.12792431467596732,1.5151688836757138,6
-2.3668728484324206,0.6666066970642601,-1.2926553990924778,0.9411997294752663,-0.17902514613258916,-0.9741466890334642,-0.3372765512239477,-0.6243916369168508,0
-0.6071634116050171,0.8219054149138066,-0.19140561866863925,-1.3733035662032451,-0.3531391051635798,-0.9792014555826964,-0.4283416229719072,1.1242833866487958,6
0.23717860163428478,-1.470212322237587,-0.6551081191475483,0.5196584182881918,-1.6677396147403303,-0.08579173402870002,0.1398344751806699,-1.3543677858686543,5
-0.6764343659560278,-1.189332443592268,1.7890110282118965,1.2943173572151059,0.1516086613317622,-0.00010085854164670748,0.3286014682336545,-1.8804879164725956,5
0.0406098119519151,-1.9856960843980906,-0.22551505072859376,0.15813687623971395,0.9767529774935818,0.3618501333899492,-0.15963523158360954,-0.5343418843046165,5
-0.778144942131315,1.3294483888542228,1.020594018562996,-0.6152237781485096,-0.3432229587471835,-0.5953705883914381,0.5124553738774124,1.3043766910847707,5
-0.36446346336252994,0.7090265714965378,0.9228585490385375,-2.3047042661189123,0.5569019655783571,-0.42948677252486567,0.7773413414015047,-0.11725543135071058,4
0.20003089882431102,1.9150216512553995,-0.09102126679272238,-0.17186995874390804,1.0874765659632193,1.063845983785432,-0.5593333406926999,-1.2139354987729587,4
-1.2583068539183058,-0.8317580165880439,0.0704402684753128,-1.3767821165571767,0.5752329681063493,-0.5598141061323123,-1.2288857622689235,0.18663495437552807,2
1.9603418749845172,-0.4833314574690988,-1.6918721250115554,0.16017263948838933,0.40645715285222744,0.8085096418285234,-0.28974108899226153,0.18644734398118182,5
-0.41422799807050775,0.7606930432307912,0.4609374972171164,1.4479958149825145,0.6554506259322915,-0.8842860958996781,1.3546815589428356,0.4816286137219421,0
0.7173424862787684,1.6247130291301508,1.359411014148653,-0.9055011593783107,-0.5065521798465168,-0.30371885929165354,-1.0879726913783372,-0.48340726387572397,2
-0.8186907256009682,0.45163145393907617,-0.7775672203965527,-0.026602633063881973,-0.11372316733815245,-0.9451466119966591,1.1460005487912748,-1.4413700072183073,2
-0.7743489577327617,-0.5751670910290947,0.16152419322749753,-1.9413576485273991,-1.8677617340179766,-0.7713634067691233,0.2238213449007145,0.04062108283558197,5
-0.4927110574169329,0.1659865448673538,0.6133904371983064,1.1097276057037182,1.5505649575065554,0.46284200829328936,-1.6121015720309209,1.7695830664123695,0
1.0359967313402418,1.5477128009062466,0.10584972988396983,-1.58230851211756,0.4585515002832871,1.3922859967220833,1.0364444525137775,-0.6258116340451387,5
0.3227657270874891,1.977345843931817,-0.10569322063509955,1.6634288945021665,0.8742294305059771,-2.1987042998725075,1.3813529726541494,0.2835478351257867,0
-0.7170982304555703,1.5700982403047932,-0.9782120685537474,-0.1863708539251474,-0.10929844707246818,-0.4531223932257901,-1.8622406358964356,0.22563285595740654,1
0.018548167185091165,1.068025958882518,0.1594072084125834,-0.24414489023448718,-0.7173738892687154,0.1478854639388756,-0.49737781872207704,-0.4696017096338864,0
1.6399292398197232,0.03273909829193248,-0.5982217582788297,-1.120883712146295,-1.689105293686613,-0.3799920655652985,0.8684992724776244,-1.1983388579950165,6
-0.7270933824960403,0.23255488567767812,-1.0401919037217795,-2.1160102833268284,0.3974100853642423,-1.8700987796982091,-0.9747651249054904,-0.3075798271257816,3
0.3684967242338806,-1.0932815418529542,1.1235158753662795,0.47477167728138076,-0.7620165769764006,-1.1510948332767588,-1.8582275333467457,0.548924490497951,2
-1.0713853365603294,1.1773733476294859,-0.36940585605632326,2.0262236402572875,-0.666013192274938,-0.32293441548244445,0.28174060781958127,0.9119438537870687,3
-0.6728546613816226,-1.6552593680445395,1.4272645868008675,-0.04786888539149503,1.0362204833510242,0.07228014398089423,0.05053266367798659,2.2588825099128695,1
-0.5490667522985971,0.058214314218226,-0.07674860316088056,-0.20229525261621972,0.24053235836423498,1.1863443994520333,-2.6373245976830373,-0.02754031154408334,0
0.4552357489432705,-0.06614221607710795,2.8889989892763115,-0.178396211251893,-0.05468243429522296,0.5346479758282159,1.2239734759639673,-1.0761789425517816,0
-0.7419945089652573,-0.03434187875749933,-1.19499332438179,0.17646324246868833,-0.2774340471493947,0.8106779973327177,0.4685093515149939,0.24176569746376395,1
-1.1261003818034063,2.8948416150461562,-0.4344230101349814,0.15961550593740614,0.7083254898617962,0.5402902084167341,-0.7043261357289508,-0.8963176044592489,2
-0.03173592921844284,0.9620921162328806,0.9117789492675793,1.7436038799406612,0.2524263583162081,-0.9321773319794364,0.48987218065846905,-0.05588926184007565,4
1.4904948211972333,-0.225527094991693,1.4835333002942939,-0.8392497552908542,-0.730720439152639,-0.24381856717744618,-1.2410262037669348,-0.1631649442267558,1
-0.516597355960318,-0.36445430336995516,2.228037607528724,-1.117091389100146,0.2556062848327779,-0.7823252333119676,0.27725443696225516,-0.9693063059852868,1
1.475509110218651,1.3760119853824186,2.2562500211587877,1.7459570678058587,-0.31214126477867676,-0.10380650046842109,0.18890935590775584,-0.3909441328445404,4
-1.0146283965829108,-1.9541158976249953,1.0790134144589294,0.5210560041071115,0.16964852031641614,1.4986844419651724,0.9331656804474594,-1.3859311184214849,0
-0.7181759869391025,-2.3126137866887553,2.6567806343523306,-0.6660148753474163,-0.7826130443704875,0.7438894630841625,0.41074396317334866,-0.31363423990345657,2
0.02858173935602765,0.44861027928550473,2.0268862694807677,-0.4369907555888149,-0.1862757949037724,0.15368395060591247,0.22099286888139497,1.535270296539943,5
-0.32766134126769336,-0.41760764303531317,-1.2881439314520775,1.5829659892931711,-1.5463137161607392,-1.3303538528275862,-0.3303837059335728,-0.5811866253701318,2
0.17531726188871571,0.2020190747350755,0.23225649051556166,-0.7060256958060263,0.007352632430809209,0.3350455378532685,-0.9725002439817223,1.0634310853756879,0
0.24248072871776874,-1.3230584693709773,-0.8075563367880949,0.2358687015185634,-0.17311463971284938,1.0636766106014746,1.8685041197137175,0.7890491464213392,6
0.13440279512261544,0.5585949856206873,0.4445998579315788,0.8367741434675086,0.008477535715679715,-0.4675655165265144,0.8143624382835001,0.4960681080354901,4
0.5998869157656763,-3.2317524867980065,0.10767152780488463,-1.3118872963184478,-0.0853280398053899,1.7642148370013704,-0.5407972216627497,-0.09612577966077275,5
0.7109332469076639,1.284367112511336,0.4742339105163615,0.9069003940779793,2.3422623042310056,-1.0029296038378166,0.9447028722740811,-0.7707356633577387,4
1.5362921400461438,-0.26582199402327084,-0.4385976845181922,-1.0086559528352539,1.370884477085208,-0.6421302187438028,-1.1890066643992592,0.743667133717603,3
0.504390186404541,-0.858726959265934,-0.8085697142943558,0.3794153141618593,1.9745601850611394,0.09896273692713209,-0.2192676983635039,-0.6595115606067921,4
0.6031316386392885,-0.41202225018104405,0.4567324712142009,0.7446632185062049,2.6916942354740208,0.1516811477614963,1.4002819666616864,-0.3768139261428399,4
-1.1595745545296754,3.372930762464719,-0.9780509359415123,1.122075661112671,-0.8062867133120121,1.0819251526886018,0.47634100545934355,0.8402947665254253,0
2.205319184904218,0.03965158159480203,0.669300982345662,-0.43978157072238167,-0.5454565285322295,0.22038751178764426,-0.5223430139150624,1.5059946310856853,4
-1.7030436825630668,0.39424740909784106,0.7610957101869895,1.534138386036168,-0.39299609972440686,0.9778730757770704,-0.44446846697505377,0.3662501965323324,6
-0.5708195487553713,-1.8265734276058878,0.5929960101139327,-1.5658447216964058,0.12836217831472224,-0.9518774289705555,0.5962070264380972,-1.2420332708766282,0
-1.5365329928267408,-1.0590020682569605,1.335582964870504,1.1586111224598357,-0.2527777093412376,-1.1348036155233108,0.9460025131662059,-0.5748064703210021,0
-2.3248966113592244,1.3068930139242205,1.8184992537581435,-0.23049421817660165,-0.08693887803520052,-0.6386903054473551,-1.3604739193112307,-1.7688322155501437,3
0.5915320551068328,-0.807767501074157,0.369127545538138,0.16501818895431575,0.02065873507699656,0.9750672032733746,0.985633232397263,0.3972655299687328,1
1.0597767992776566,-1.2070286846953282,0.8435740456641649,1.6102241182730754,0.741430060206634,2.3190861895079595,0.6767069254563585,0.0788164830973574,0
-2.5332624659406227,0.09299887401289439,-0.39120482096119774,1.1944090089377908,-0.038956615293576656,-0.12518328087343059,-1.8450712491075016,-1.1999265952612443,2
-1.0849860483275258,0.4988767682122305,-0.807735612199452,-0.37966909293675216,0.18273078357895967,-0.3210681958325865,1.0119260137625343,0.968546469847142,1
-0.5462251731930208,-1.3515545160393214,-0.933187244463953,-0.3039872462605911,-1.3243087154133584,-1.3543256412031652,0.4399447614060213,-1.2338755402958739,1
2.2483070183772513,0.759140052937688,-0.5205367576888921,-0.3582612539275125,-0.07493558165032747,-1.628926417479909,1.756583091452382,1.5487168085857974,5
-1.1498777953389028,0.09341496831781736,1.8719701519654584,-0.6879782643614009,-1.666965928296727,1.2714174584210542,-0.3684937397622098,1.4989279635554709,4
-1.8266953750969486,0.3719994547835612,-0.9229893669805771,-1.6338096035541059,-1.739347032325785,1.366302661927238,0.6181571104809093,-0.1744250251564181,1
2.0886827313136718,0.8340516581331102,-0.6596063607966669,0.9155782672770109,-0.5474428465964134,1.3109748584382523,-0.5316608717463748,-2.1171824513319635,1
2.3878835805756045,-0.10354779067632199,1.4809092843701628,0.10657591302975952,0.09664703870288159,0.8201260684477752,0.673055789789294,-0.36444541874232933,6
0.1873632616880119,-1.3695583754192493,-0.6611285228216717,-0.6722385855010534,-0.08359537555268984,2.6242969531026232,-0.5854395952035795,0.5248277881550794,2
-0.5811515133345642,0.22755739135491457,-2.348075719182375,0.26471198385284167,1.1967172701451196,1.4601942343343264,-0.7526048268349285,-1.497298740991802,1
0.02630957028610942,-0.8546711768546422,-1.4602455880541416,-2.083657229960052,-0.05931472227345143,-0.3921024987212976,-1.1259368982226117,-0.8579912623951458,3
0.5381000415271131,0.8219485727078727,-0.8804927721212651,0.9506349546778812,2.584282683658602,0.1423682271006113,0.047678860942352005,1.6123530625766462,4
-0.6031524603513722,-2.062478808726306,-1.7243265665603777,0.2701500262968931,0.18367951496851306,-0.2212961791470282,1.994211733028644,-0.8296849056302802,6
-1.378367896210108,0.3099088154040808,1.2017769342275875,-0.9811750537388938,0.019136679760809145,-1.3604455958393036,-0.20058113511488387,0.1764330707301829,3
0.4653913016425671,-0.4529636773288515,-0.4400450104562934,1.4251238658541545,-0.14249141088267311,1.2602413677954465,-1.2159972061324986,-2.432675623731766,4
0.8598046005918029,-0.3520642455918502,1.5409985697435,0.8716646418055581,0.10495918201972686,1.6279755258151614,0.675472428576197,-0.2157057954550821,4
-0.542617389487238,-0.8088447838839299,1.4115233445290074,1.5117706928616312,-0.5490754367162484,0.7813049758241077,-0.5608348578527692,0.3278965666736815,3
0.1388133242971211,0.9101952372640516,-1.076187832271398,-0.8939394695029621,-0.45031358605611405,0.5066399362092655,0.9990529527598988,0.6986512752597678,1
-0.7164044088970487,-0.24073846961622977,-1.441283472066866,-0.17238992412934906,1.1889982242686163,-0.07924829167500137,-0.037331126773346684,-2.0676021435852303,1
-0.0433396068203382,1.0829564781158405,0.7182592451244508,-0.3930906855910645,-1.2726597007352725,-2.208874167261284,-0.04444261869690785,1.0732062972608185,0
-0.5882941659578402,-0.7305078427340913,-1.338527608003016,0.08191704996252726,-1.5053297156810401,-0.13865896159870403,1.6081930507937534,-1.6378232739387677,3
-0.07081965390883349,-1.162984489047116,0.008200399111533975,-0.6781959400417132,-0.09341681398476058,0.3648990017873645,-0.7879556162231263,0.07836135196329855,2
-0.11667640238087604,0.3544602989759374,-1.980482788920125,-1.2839667850315102,0.4266498551132368,0.47993330699787,-1.4155295686340754,0.3214298498730712,5
2.3515426285957934,1.8136746550309786,0.937502164852664,-0.6391942609065583,0.015058512401328918,0.104818519058579,1.1521034773878454,0.5816933910450398,2
-0.7605361418640281,-1.4569969050229417,1.505049204121215,-0.5521954507859357,-0.582824576982936,-0.7501867088296066,0.19198280134091142,-0.21459520017684858,4
1.6299786022043152,0.6019332777835308,-0.3513745803599906,-2.0379786824063446,-0.23832197303335442,0.5585584530522462,-0.26400782039649134,0.44006704344820874,4
1.3029174353647244,-0.5339426995910994,0.8368522842698568,1.963463928724267,0.15007403487961618,0.67664302734357,-0.20555562552096748,0.47744045487244235,5
-0.32837357182601107,-1.6123751935240056,-1.7948841466388699,1.531923137382042,-0.11676991828425799,0.8260822588775605,0.7685707319322758,0.10987496384146142,5
-1.9657492554338414,1.3479404170731166,2.1645024431374407,-1.0227278427366844,-1.0244260449580482,-0.6954489090434598,-0.3384379076024078,0.2165758539988897,5
-0.40590763950124575,0.4815844660300851,0.2219790676427561,-0.7188618042607738,0.8806409650973362,-0.036884333156139835,1.9009021861175528,-1.6650321550994442,5
1.2430021508724411,0.3891427948688736,-1.790933684090721,0.1403431135846588,0.10528527768018603,0.5367273845647575,-0.7114457165717045,-0.9248159181670169,3
1.4697943110214822,1.2439857900287998,-1.746779860233463,2.3693569729575557,-0.9962493246587418,0.4522195553209174,1.1054496174131316,0.2475614430593454,6
0.5941866027565453,-2.1795784519411305,-0.38198048886457736,3.2421848161612234,-0.028156357627938222,-0.03119734153231946,-1.7844324030563643,-1.237835349552237,1
-1.8026516921340239,0.5324594572845635,-0.3593835996468396,-0.9261043045213964,0.03402299749361093,1.029021471514796,1.8149254633302325,1.7889667398543474,2
0.15376311145260596,0.02533335259101446,-0.3398898239007434,0.5228456604707374,0.4478442508069457,-0.8563895411193041,-1.1376628923128593,-2.2477357145757386,3
-2.2837459424464854,-0.8831661562676065,-1.0616641551822934,-0.3865488265514518,-0.018279644735578623,-1.0750022044071028,-1.6646894191191144,-0.11014291440654507,2
0.8138498176594966,-0.5330204440568728,-0.5693264205095986,-0.6551577966910994,-1.8434356832817729,-0.885532445317066,-2.068834803383111,0.9186077174533894,5
3.664580842143365,1.2143809590022185,1.6228674925624134,-1.259708745526426,-0.338157832904328,-0.18171050412590256,-1.2635483139516326,0.5781558797183111,5
-0.05223637076209144,-0.5200549027728866,-0.7448928056752138,-1.921389700159788,-0.22507938807990838,0.8460756961211441,2.326500479058668,-0.6623290600079803,0
0.038339293519735584,0.7958846037231255,-1.0229365032429907,1.047012564623716,-1.372143633208558,0.02233809700558694,1.411721543820085,-0.6135011797522784,0
-0.7916515688099103,1.7454051731600462,1.6638137629308527,-1.7577808977774922,-0.03067481741347347,1.6402422662554477,0.9968293358992142,0.7127234570465467,3
-0.2706532341833262,0.22062579354425163,-0.7817858217881939,-1.6635105188370547,-0.9886394792287196,-1.5353704623623325,-0.6304636241151046,-0.40539962059077594,1
0.5458103640657105,1.2136219480984303,-0.6193801075191551,0.6015773660282417,1.0825110135996212,-0.732109164303596,-0.30166581510859747,1.3842180634862575,5
1.1776390899483986,-0.22330919378875885,-0.079456051224356,-0.8889572226700568,0.7834314549966396,1.4351224791380586,1.7234685127050677,-0.7966911656375462,4
0.05143764158269614,-1.8215567979815688,-0.3275911971462116,-0.5365828045303538,0.9485400863808575,0.29008255098398034,-1.3964881810432659,2.6895567594886294,0
2.303265363340665,-0.3795585444977846,2.2087057901607285,-0.27148207738479396,-0.8927820575575804,-0.10474743482042584,0.03826628994471524,-1.1093918914905139,6
2.1827972052212035,0.5037098052410661,2.0549520032851603,-0.6790627186604177,-0.6902451126700411,1.2159123393141291,-0.388121450500703,1.2419865694529495,1
-1.154185282839402,-0.10146374473113862,-0.625100763846418,0.04336436615726481,0.6791247012623596,-0.45569422166139456,0.8532128027291626,0.17125366263239167,1
-0.25516113110295513,0.7709316481974161,-0.763993011653534,0.8058189453437272,0.5113167569406352,0.7838713292831168,-1.086083983906545,-0.6495949446785957,0
0.5966118212148488,2.5135593871183444,0.24842377496924417,0.7476657651110818,-1.4520890803785134,-0.01981838149742097,-1.0520043375100492,0.07903975555242175,3
-1.9509421920665924,-1.104324870709695,0.2074294740871586,-0.7860580681303669,-0.4716005790630344,1.8000266901755193,0.905426927713272,0.9945323675005715,6
0.09763271019705748,1.1479072856467798,-1.222272076745984,-0.3417365653661946,-0.7276494552465085,-1.167354038479585,-1.5573736666453963,0.6821886821392071,0
0.8133154465464807,-1.4813629085846798,-1.2877590289190881,1.6615381654185615,1.5176086266522792,-0.18551904232115576,0.48852137452670263,0.6849767655859303,1
0.48886607947494565,-1.610183381243605,-0.5888819178198863,-1.052939246525915,-0.5185924824166476,0.4754561211101179,1.0505008272207332,-1.2191251828470677,6
-0.3487841714180826,0.5094177059519353,0.3754264669376235,-1.530013431872224,-0.17812645907660205,-0.8847391583767568,0.20953706575358796,-0.45885542301132365,6
-1.4330865748017088,-0.8374124490757244,0.48966368391015147,-0.5112816204000686,0.05406668741561831,-0.9514481239117135,-1.2213035294403634,-1.3312252610581392,5
1.316151474208345,-0.6814270638041146,-0.31528908558588314,-0.4264967375111883,0.39941816667617214,0.5230347053767607,-1.8849701187321237,0.5005894547435349,5
0.0954336853337534,-0.4983530705548413,-1.2437484105079097,1.099380150259228,-0.770731346680687,-1.0637352145396364,0.04816996539945917,0.5582330131461294,1
-0.6788931414766205,0.24213268540769545,0.7079805553006653,0.6349523176050238,2.434841822657242,1.6365094017753887,0.33398737172172616,1.4446833208038778,0
0.5913803201280761,-1.2564901840116889,-1.2875489549942538,0.10707005558381079,-0.13417489198508195,1.825931205971908,0.7639621768475413,-1.9728183677570796,1
0.33274238813773244,0.5719096692294888,-1.8676582279975444,1.4195453424685887,0.5694170624259655,0.7172903345157423,0.03020559477747593,-0.5715608070714273,6
-0.7688185959131445,0.13560186584991618,-1.1708607133709088,0.3106570036644078,-0.6792842700478752,0.9009156544911202,-0.46476415495017254,-1.1657904819988483,0
-1.7943276456269572,1.4963310174051667,-1.228147600607737,1.7661798958889094,1.5311869079107383,0.0936849120597094,-0.02563900436238506,0.34622644779902906,0
-0.1222732381430135,1.6424937702514495,-1.190485685750746,-0.9813573137091688,-1.4295218721875236,0.21939021007273848,-0.03970713390156456,-0.3937584698758636,2
-0.10126647576687521,-1.3373034662264793,0.6467359016832865,1.6284383401407714,-0.5079610888388186,1.7022532749381787,1.0192378999182625,-1.5335651341555117,3
1.0368946057006345,-1.0772989320580126,-0.3416291341789619,1.8162381158477772,0.7788615352913933,-2.0589119671636698,-0.21748944972194,1.4005138249828375,1
0.9572154023684869,-1.4716348048016208,-0.7504295696906067,-1.028109688091703,-1.5302278528382631,-1.5902121069906725,0.04948995499205008,-0.34437900239960345,4
-1.3781834016705004,0.9906107517641944,1.1170787921494327,-0.5888251352820323,0.7436477592005827,-0.21848744996044944,-1.2832420953250017,-0.9756343384944803,6
0.6458175928272432,-0.20221326173356166,0.5557510772010293,0.07000192488285491,-0.9497087130034526,1.0047075542616104,-0.6731419262650711,0.16659445636847725,4
-0.4402190149632492,1.8744710474945392,-1.4059237381527698,-0.11138901995734925,0.3489963893057737,-0.30744406137278135,2.14714097005623,0.7002323005279999,3
-1.2750333614207385,-0.9844433538019067,-0.6250310806714409,-0.8804541250592893,0.8685117262398493,1.3268814871686578,-0.42292950689679104,0.4807632414000678,5
-1.0962651261602383,-0.49383125669461864,-1.4715639110429097,0.11906801132479959,-0.13664765277448712,1.3476129819692713,2.0431691219440813,0.14129178210425278,6
-0.9913749438101346,-0.9205254688804636,-1.1181910720237662,-1.6853658991155096,0.11381839052057412,1.2806815484198413,-1.2593185493870498,-0.7505016527864764,2
-0.9564191514143362,-0.8146800052301824,-1.4947193374677905,-0.1886407574110262,1.2397936852498637,-0.5375245968512303,-1.2918930807127533,0.3557349314594051,3
0.44896733531947874,-1.0791902017210289,0.7637944982199316,1.0414430098899892,0.739745279838033,2.1860596077823775,0.7226873367243608,0.943288393911875,3
0.1646632201231307,-0.3136360935002242,1.2052857402677157,0.8592173677009797,1.086158929184648,0.8264020284031567,0.20913038744537002,-1.736096314226486,0
0.0406083056232383,0.49293007744663336,-0.6813995184931121,-0.8755650573394921,-0.028284684122561875,0.3815607991423048,1.9989299844442014,1.365568582669416,0
-1.2291698623188194,0.5273541131502603,-1.2660412502806542,1.2323318882119212,-0.18874193998383956,1.6161431595746583,-1.6637059795396771,-1.2779513595900696,1
1.8870676414719303,0.3018905900139392,-1.2503530585976164,-0.22728636610924527,-1.2898403640341922,1.5016413574226215,0.5523678490722529,0.27552207337609563,5
0.1474663294158751,0.7970913462003915,0.0872604789703815,0.9266863635835569,-0.18544617592115822,0.9545288987928081,-1.2214510474440357,0.9299424915275273,0
1.3067631827995594,1.4040998055722298,1.2223324239305058,0.2320498062354018,-0.6894490356771287,0.30999504294239383,0.4719078537501233,0.39069389798072457,4
1.4686080782771755,1.3052809504678515,-0.8954477323646571,0.29494349570414335,-1.4329332360656493,-0.09047070839557522,0.012210414501936289,-1.891113170957929,1
0.8975057711890301,-1.3197431301919889,-0.23970391150343676,-1.9038527028881032,-1.192423766929252,1.2689869480089624,-0.1989060050292149,0.3476291691986259,6
-0.8751508341389587,-2.3036597448945875,0.6823649245482667,1.0320188347104735,-1.0346659586230698,-0.057621101867673566,0.4608881961142792,2.3199191319107406,0
-0.3297314199411033,0.9587321417652283,-1.1748702974008207,-1.1930607497426295,-0.517945064844489,-1.945912082245154,0.1679500131871449,-1.385219061826028,4
-2.7620938452885517,0.40261519732567125,0.7220722900278844,-0.9081909157515915,-0.09086985702380555,0.614323974676166,1.3507444284328987,1.5138766300924253,4
-0.3634797670184458,-0.5185143101071138,-0.5902486317798097,0.5570209067079083,0.192433376794898,-1.1255956293622067,0.8513156457729449,0.13792474631093976,5
-0.24746339704985698,0.10920650654047961,0.8309035777801611,0.28461599833878354,-2.752106059496437,-0.1921437147455376,0.30872892312598316,-0.3616043185786553,6
0.6877243508292005,-0.4844222715055912,-0.09524322671955925,1.1540856664002443,-1.1149411974213126,-1.3879523742183937,0.21371414610754688,-0.09796087845065884,4
1.0671641236408453,1.8565929253531908,-1.6961526112876262,0.5311362656465975,0.42273195352569354,-1.4062410106850047,0.44365991569179863,-0.5700547250884409,5
1.801575184763604,1.098071123063232,-0.6335944881822251,-1.3158225152806236,0.35597981867175493,0.6302453074348303,2.5780111293077494,-0.17960377543479128,6
2.1580786336452444,0.5804232866302212,1.053662891840211,0.7479374497203325,-0.7482231697955721,0.8201050550235042,-1.9807888436134797,2.4717078446076077,3
-0.0942554222132056,-1.175029214258235,-0.401672032651561,-1.0313380361770037,-0.27459069359021,-0.5859106814246766,1.7918051778192574,1.1817161746146039,2
1.0070624442475726,0.6875756570979505,-0.010801979125864948,-1.3868528422128859,0.3471387659003805,-0.07131080067271808,-1.6097260931785542,-1.4066156851416558,5
-1.337477905747711,1.0501224379926466,1.1819231344449548,-0.005414892704935992,-0.7537767213054469,-0.1947354235871239,-0.6134838477667289,0.9411193176093087,2
-1.9822639252704346,0.349558390739728,0.3093431209022278,1.8893363434445734,0.8506225255037744,-0.6769267324865302,-0.09538932655608691,-0.19212430270472533,1
-0.9504023326920286,0.2900411424866325,-1.5996902354781102,1.818412639228408,0.28668066185025726,0.16536256263470203,-0.40530436454856755,-0.44726246765003996,2
0.39583629454365177,0.15273858316816832,-1.7815033327682979,0.2250273569447563,-0.37656463852847116,-1.2100789252180206,-0.20540820578035474,-0.18727907059148946,2
-0.3153086241272642,-2.3958193812368345,-0.1945393241784108,0.15643984242899794,2.0346072152244417,-0.47675213342928796,0.07069521844752409,-0.2415097305524321,6
0.7686891819526369,-0.34747126993694805,-0.8476528273323073,-0.09794336026836606,0.8978181243546214,0.4440981644932999,-0.5549872459753709,1.410660923972961,6
-1.05736797737759,-0.0932855749150608,-1.111100237245384,-1.8181343729685315,-0.20123851330666145,-0.21401759511807888,-0.6136586103366256,0.015277876727528828,5
0.4250427820891919,1.2300646215023214,0.47816933589562155,0.6929322555554241,-0.7783494644513799,-2.2013396853629406,-0.8060992691534994,2.319727509232536,4
0.9335067777593276,-1.502700732071345,0.13275026063686926,-1.567616851037671,-1.7470954451803522,1.8416977140855073,0.5058670074344442,-0.3813781274088815,4
-1.288656559138807,1.4190964544877487,2.208397576586489,0.3652821863138669,-0.26327738946695023,-0.371995936159566,0.4670902180064672,-1.334758077040285,1
1.2854602619529374,0.564427646091022,0.41539882295470787,-1.773277692414352,-0.4971663673054417,-2.5672103232926875,-0.7747342101183862,-0.25031181623263493,0
-0.19705294835059037,-0.6724812872776701,1.7942626311807062,-0.6600423403484412,1.0911354236101383,0.5182063796083154,-1.9726802178429175,-1.4493725151543262,0
0.1335956276128122,0.6043619166161152,-0.913307709596101,-0.7669674768396542,0.3501529715357275,0.8323345343907551,0.39451024765983084,-0.8771650716079795,3
0.9603723527765116,0.22947090730071157,0.12264159212212586,0.1929446078475923,0.5651496927075503,0.222516728391103,0.38077903600334206,-1.6605734426415126,5
-0.5999774202549881,1.4403554660343119,-1.0360048889982012,-0.15775302774448857,-1.614864179525747,0.12191145885455631,-2.116209690376446,1.3875786201180287,0
0.41897570540121665,-0.5045631758528591,-2.882270107554804,-0.38996615914228067,-0.7788763314774166,0.5949762176415951,-0.3251279397422857,0.966132725262638,4
1.4606474152687412,-1.0983664057078368,-0.7352629017989285,-0.9644797354001973,-2.344172412138105,-0.436271018714737,-0.007615729462058441,-0.30566005612140024,6
-1.8845817150370536,-0.0548490745287763,2.155638263772673,-0.2997207499799317,-0.19736168657231776,0.6904971126310181,0.09209809334686238,1.6411852534480398,4
-0.8421528546909084,0.4566706578783434,-1.5576771039260282,-0.052105770561516905,-0.7855450600505856,0.7196551507606813,-0.38478165353779953,-0.7484702078707172,1
1.394532577366285,0.31148149603739245,1.1826441842679314,0.18489061406570031,-1.1305602924658544,1.4479940008544976,0.4921736755434782,0.37658100670014394,2
0.7464757143647013,1.1369137970765273,0.17224776696948235,0.5323267253170045,-1.0602820448525434,0.3780279960147744,-0.007306339414187626,-0.7971196998398178,0
1.0291769889437385,0.9220891155100953,-1.1723274376646733,-0.6324898637936682,1.5951011599606912,-0.3669794484799872,0.3159568297485973,-0.6889714245360739,1
-2.1827508913168336,0.032891192133960814,1.3413074265300235,-0.1862428904845408,-0.33736293831917374,1.647816909380101,0.04402012907702148,-0.5592926475917429,2
0.5874214040201051,0.8138567762908459,0.5196898175259143,-0.07835838880734856,-0.15625345386345724,-1.2319161910577814,-0.4581019672334119,0.03403041106543802,1
-0.5186536546391902,0.793925776428018,1.4373317020213738,0.32230435344918096,-1.0982590536861874,-1.0842540708198563,1.8639251014058416,0.2737122623239703,5
-1.196927104824083,-1.4257388256039243,-0.2786960519880348,-1.387633811229795,0.21055605999942734,-0.6916761285230689,1.6391364990407535,0.2147929412613687,1
2.8523780719882614,0.5677948966593102,-0.012922487097285084,-1.3050276932496598,0.8238164969868794,0.9241151706258781,-1.548985786873782,-1.8337919429181622,4
-2.824570652030378,0.2660442507621096,-0.2335477937962937,0.8565561516129858,-0.39269634042283486,-1.155288014407624,1.0297620847589224,0.32645773096830655,0
-0.09306950677619001,-0.33618811218870465,-1.5895318269737995,0.27829069870286366,-0.18940670987926977,-0.3881174309852482,0.6876184457170813,0.694620993554888,3
1.0584139439096587,-0.3696649026451534,0.09242171353676866,0.47877648282872015,1.1881823578779074,0.538714857445187,2.159303840738688,0.7289843672134021,6
2.123552970906565,1.3657801112700207,0.3432362996421631,0.610010767946801,0.11245360102360843,-0.2110729342912498,0.4310897493790103,-0.9014565105042737,2
0.5972229482340482,-0.6609344086226404,2.9832686036081117,0.6761596351138666,1.0629443127043499,1.6951241203122662,0.40373480064487477,-0.7347880975193766,0
1.718768500897362,-0.22846095569738062,0.5589304333374586,-0.895745960270659,-0.11544239261339775,1.0516070264717887,0.5958864244811923,0.2121673994103445,4
0.19354229061216474,-0.6583124968343965,0.4282808423057877,0.8452149492251171,-0.15183629369279056,-1.8387096050251226,-1.5317798299862961,0.3009375060438517,1
3.271712538045255,-0.41181324537844155,0.437520834976469,-0.9489251275050448,-0.9936830914789825,0.7105367313297979,-1.4108669831065708,0.002146901357772472,1
1.1490254822822086,0.2330518660220954,-0.34769522143501735,0.7659006147146106,0.02396608811650045,-0.21057936665490834,-0.672178614842096,2.010729768251103,2
-0.14278218287496183,-1.7388041165319805,-1.0584471990168356,0.5709091054651109,-0.9943697980205384,0.17028004785304407,-0.7638975873720134,-1.144484200723831,6
0.6306449937182649,0.11946413857049062,-0.34761819900151575,2.8844398901488706,0.5320705414920807,-0.04308535346796902,-1.129026624702158,0.06859849697512321,5
-1.3897156482536728,0.23375246026521612,1.5494888447515178,-0.6311963061557019,1.4330895472159118,0.6894687184568513,-0.2715196198786074,0.2089120240732017,5
-0.6660955500231331,1.2708954268370916,-0.5728502115564996,0.7925322309077117,0.36484598772659393,-0.33476434468332716,-0.07460624807844424,0.6329349205703644,4
0.5651105971915747,0.389633810963891,-1.1490267670720944,0.25732851412195956,-0.07779590304075812,-0.4397962811075186,-1.500275430159633,-1.1311514595214245,5
-1.9603843969933152,-0.03024680714724336,2.3658844416838725,0.5874847961612294,0.03954227377483458,-1.1281612528664462,0.9872876227090649,-0.30905842010924156,1
-0.3523614820167725,-0.375353552906271,1.628696926450405,-0.9511268908118209,-0.0970392667250979,-0.527900795032855,2.142634365969552,0.0686438520014052,0
-1.2484543988002295,1.870354332787268,-0.8170763397775653,-0.46558616963298743,-2.2897989971756223,0.08067464110073817,-0.7252791414197659,0.18775974947665844,3
0.5788707820311879,-1.8958261298352876,-1.9775984889183351,-1.4185690373130135,0.11161478844427741,-2.108243154001363,-1.0740176636213874,-0.3547216626908036,3
0.20941702305398585,-1.558881369171098,1.1498925995192333,1.6378055556796278,-0.5374036527424981,0.9979691091749142,-0.029213681752744882,0.15222472560172717,2
-0.7878171847394164,-1.5561647520866828,-0.2801168891197416,-0.6680133792329674,2.091533802803902,1.2496373122271045,-0.21552533483468592,0.841517765297149,6
0.5674840844461354,-2.4453093902494505,0.5214827178012387,0.24088520529602347,0.04500910806699615,-0.4244762223290161,0.9431611098092505,0.15927649662544605,6
0.13041999136870264,0.21968385631610277,0.4361938534332762,0.3134923629987294,-0.7105663402342342,-0.699661233692106,-2.185932235205649,-0.5809308172979382,5
-1.1131547255426402,0.4092365377758171,-0.2669139157991057,-1.2717249117204283,0.2646863720518467,1.2481845078213432,0.38446800237362405,0.17637034791434722,3
-0.5271580715440995,-0.14165732915598198,0.7328175125599101,-0.9940854454743218,0.20838034051126372,1.10366844024459,-0.18898199483138656,-1.091674300268922,4
-2.175201697570771,-0.41504338873391167,-1.1877700992259774,0.3030469862550962,-0.6293012223131105,0.08659106689899237,0.28074004819636045,-1.6966284283844668,4
-0.38805496204884526,-2.915117363426744,-0.8271164921364049,1.487845907230345,-0.008768526534040711,0.5701763182042106,0.3077833334756119,0.57027305537793,5
0.7944934533071547,1.5728455866180928,-1.4894511937130528,1.2377472955256428,1.5677266230989664,-1.5442450938607228,0.6811027013241755,0.5819871625314831,6
2.1548163019151203,-0.6046348802569698,1.112693190245347,-0.9738487281331085,-1.0271780410030218,2.0740473231983865,0.021044599207245586,-1.1573867133827336,4
-1.239864683054266,-0.4671611658392164,0.30847773313644494,-0.04999448544480244,0.5465998452600304,0.28291349682459266,0.5954232666567405,2.0907183850415034,5
0.9860732373761342,-1.7612835426107725,-0.6825169784232418,0.7026251478839494,0.8837976581606369,-1.864919627853621,1.0174442999071218,0.10889562562467518,0
1.0130220189953427,-0.8072333366020669,1.9143937014099182,0.44426042581013436,0.4399011637723249,-0.28212130945434144,1.4290919751174391,-2.0211557177747133,0
-0.776121684042894,1.6219903117529566,0.6561087992485434,-0.6146436172155939,0.08379586246125721,1.1810997538716594,-0.41103989519818784,-0.5865263975511681,1
-0.9635113073138226,-0.9422491540509846,-0.2515957839790506,0.7640717470035354,1.558418089467293,-0.6453345746796666,-1.6347296444581494,0.1380915699542698,0
-0.928455245476846,-0.5139020456515889,-0.46034546880808247,-1.1559235218083057,-0.9911321406904741,-0.15982231412628742,0.23187725525164365,0.31976960873407456,2
-1.6650621775694203,-0.2790206872513001,0.47238778030983913,-0.042857120222617846,-0.4835858013138006,-0.1615692275374085,0.49990683678740944,1.2493640738119143,0
-1.331104871390062,-0.33652033089835914,-0.07944203088402417,-0.605737948194053,-1.187157462788137,-0.7129473687975751,-1.178318286935425,1.1789481343501962,2
2.2560628073115963,-0.7531968553993165,1.6674177298279957,-0.7546609900638988,-0.4113554613492186,0.3222433545634452,-1.299355132342743,0.20048549130802915,0
0.988280444050961,-0.02354020939434342,1.5663007096758894,1.4666887495932892,0.47817255852822077,-0.43975098115496086,0.8123599658545801,-1.2599506054995473,6
-0.2471106604676226,-0.9656344543364018,0.2969524518866647,0.28607906362284197,-2.472409208652653,-0.4998138811533776,1.3934279632428757,-0.3017657111834459,3
1.4584140809112056,-0.06508951360325618,0.0752036614770547,0.7632506547708752,1.236608729233694,0.0387418734383747,-1.7749666679513374,-2.2817636612794754,2
0.7384403926983707,-0.7817204135877645,-0.44411667804729027,0.7405363320717332,0.8144534444751215,-0.21073529108066663,-0.13660997475260317,-0.8506717696625842,5
-0.11971336580934444,0.638092299539393,-0.7145344972877014,-1.8217944918375941,0.5746431132187364,0.8615933579632885,0.2432523577806746,0.5573062820922404,2
-0.07525678051293293,1.6247472901491997,1.0724372945799914,2.97241607867064,-0.4585813001804899,0.9328106582202698,-0.2797439935858206,2.2256470214557624,6
1.065700903754907,-1.5169006415927682,0.1558868973727035,-0.05249719016191639,0.6320826657363829,2.515056314591087,-1.9262652607343729,-0.4441369029145964,5
-0.11094114479824511,0.19447085076057585,-0.37415741203055564,1.5273411106955295,1.5112918547788612,-0.48844578954501555,1.0003878564924822,-0.4962752894261869,2
-0.9265033656864569,0.37695769349712976,0.624849668782986,0.7864453871007014,0.320353223063125,1.3189763700098942,1.1551892957778491,0.4568788412927635,3
0.23026843703619054,-1.5505867811655363,-0.4718464283605745,-0.7951941037149128,0.021682667267490383,1.9037817291122479,-0.3503740762514333,-0.1533131358509357,6
-0.30546482172502787,0.8365972066305373,1.1505506216659827,-1.453272174263114,-0.12318178084513653,-0.9003387292969486,-0.14175889015474208,0.3662704636627888,0
1.6934820260829042,0.8995200678758211,-0.6260602861929438,1.1076856458866338,-0.9198059081389295,-1.3812487330820395,0.242774816398167,0.24584280015113563,2
0.04475583669388095,1.6397310840624597,-0.159955910240186,-0.1855882741048531,1.0172467900176536,-1.2897974666307317,1.2862180895772155,-0.29789931970136974,4
-1.148047087964295,-0.2720599737472438,0.6428905831806698,0.9155092572638321,1.7800817694871833,-1.0392520503632,0.27765449976228357,1.6165130886473105,1
0.22367950300936515,-1.2491203880680606,0.8789499155410266,-0.281342399172472,0.45589371443791893,0.41042979954439635,0.016682343664035967,0.8691756384087909,0
2.65997150612542,-0.7342764603435258,1.0092859086893458,-0.8016512585050152,-0.4652192507787085,-0.013448153695348384,-0.018302442416868223,-0.6619399411312027,0
1.7892412813006902,0.038594898898358126,1.9199980412560878,0.3843258175117204,0.5348112497668169,-0.010021510833588978,0.9187372984019039,1.1439820423919675,3
-0.46067295030068867,0.5472635789135503,1.2798266105417484,2.2684342332403005,-0.6430729922551527,-1.2477858561654231,0.8822304742156961,1.7194991181905885,5
-2.714220475003682,-0.541334626402794,-1.8195899332256826,-0.18645811202693935,0.38005984499933665,1.883449454554779,-0.6637699833458126,1.0246155893308202,4
0.6907884494114778,0.0033235892888753395,0.5299770860116364,0.8645605855473416,0.6649196118041935,0.4442777888549236,-0.06682705422683557,0.46842229414916275,5
0.36543752827768433,-2.3329115952115917,1.1516493243540475,-0.168374570652617,-0.19043595562194224,-0.7007883252720715,-1.83601574130371,0.20225378930895094,4
-1.0735513043876246,-0.4676974680518,-0.5549066675432175,-0.2882324544548056,0.6784188695760731,1.9056613135011669,0.6580099760000954,1.2504107200611647,4
-0.2112363530832139,-1.9062659708749286,1.1983525964872899,-1.8271593919425055,0.3345653283704634,-2.0144788250531636,1.7253597371456728,-1.5307886041032654,6
-0.24862660266785852,0.09995749948286496,-0.6063642609283164,2.3486735879500023,0.104602565673435,-0.7891082882112375,1.2434833722760221,0.35047017755017845,5
-1.303937937446038,-1.1954565468695846,-0.20435748173233417,-0.7408774305980216,1.4051238661821466,-0.04828297975063482,1.7083396458479445,0.019620880826267124,1
-0.8897340687614227,0.4178017673968376,0.10508844829318027,0.36246564969918155,2.3521750026933943,0.8092108516029826,-1.6828924904753442,-1.2414707797259636,4
-2.4741785807754697,1.1867017432576996,-0.9665176841191586,1.7534283227176637,-0.2145624942679202,-0.2892208925534047,-0.0192129380472508,-0.4953723493697644,1
0.9675341808285218,-0.7203302385492348,0.17973545313185785,-0.49863196526659165,0.8244635551319429,1.081755885354487,-1.9692923745521183,1.8276064077577825,4
1.036814961271128,-0.5941116164380923,-1.8309693936217761,0.05871477710435382,-0.8676215020217911,-1.967267042092198,-0.9423090782428772,1.058281339523694,0
0.15472037217462326,0.138609528805698,-1.0459253539513322,0.29935778506727956,0.9511636225083715,-1.1404968546916934,0.5248793906169479,0.9081953232409535,5
-2.0681479492696124,0.4704500056145455,-1.0991039037616546,0.23871054415292045,1.9791253468986907,-1.5331277479400682,-0.6491917454258666,1.1609327492929886,0
1.5882579712854876,0.09149534831014089,-0.7640143768696648,2.1542312887375785,-0.8863867969280596,-1.049510987325684,1.0240286644719152,0.5359893942026297,5
0.07616676601785201,-0.22351188474080294,-0.26253663838021835,0.15593822244491207,-0.39121266561914847,-1.6960832551335472,-0.5498490848403782,-1.3335536432388229,6
0.17142992980124883,0.6659675175474199,-0.35981613262455725,0.8618039431498509,-0.6374562475456561,-0.5993213210922629,1.8549214261893,-1.4351285799037456,3
1.611412586384094,0.7794766338728142,0.000441852892163968,0.06658177896370303,1.5884297108449101,0.08763469338255625,0.5810204638622882,1.1442357996568555,4
2.0832862724925327,-0.6895951736994745,3.117463308796552,0.4812808118124561,-0.013732938343413062,-1.2717596919845937,-0.6469156667539665,0.12059084967847125,1
-0.4055584849622791,0.5053931244600482,-1.5064477002497099,0.4052036750153799,0.8661446946771932,-1.6441744605660353,0.7332715396101228,-0.009329344642896278,1
-1.1115395958176062,1.0522052053588027,-0.30866415162505895,1.3075572149763934,0.6268769204708318,-1.7837464365741678,0.752744708047829,0.10405777084760434,3
-1.0615717583064448,-0.8231538648143785,-0.7002386515454964,1.348583402915635,0.7339959240560308,-0.34590278944373004,-1.4380775576181526,0.2786730001163417,2
1.2597745645683742,0.7703320129472278,0.03206729708237547,0.1392770620193156,-1.7102693093856993,-0.4954740123693818,-0.6828712625441378,1.6347544448177658,5
-0.691822981700967,1.3473328913142313,-0.7638946073794811,-2.695542860804334,-0.34788409753241223,0.08480957451551938,-0.28813304867993195,0.9975613035225893,3
0.4750267936494076,-0.16262890522131032,-1.5468490110918496,0.7566009571208412,0.6665272866137391,1.1112373098200758,0.45111985173442337,-0.5176356738203496,0
-0.7149430458259897,-0.21162472839924912,-1.1812198943206318,1.789767231837067,0.6462236676160222,1.483438446981735,0.7397986700559646,-1.0349674427490347,6
-0.8731164998621984,0.46487789663030316,-0.5491169102079202,-0.925148739620905,0.6697198625717653,0.6925392401609263,-0.9904633961604762,1.308119116098109,4
-0.3494100320785316,0.32717861628814515,-0.412706571495484,-0.8973767206185317,-1.9648969537700358,1.5902282126345506,-0.6683882461650931,1.3724767581792074,4
-1.1992314880813113,-0.9908856944635865,-1.8813608619065247,-1.747771754743368,-0.2535772001539366,-1.120185116454064,-1.6910110257954079,-0.12525255919386452,0
-0.9370217126468365,-0.45150249418774646,-0.9747821137773189,-0.12363007510460823,-0.059433897911555476,0.10476569835715231,1.0429040876557896,-1.4863799642914823,0
-1.6071334470851566,0.12412084925650439,-0.1219214176256945,0.7495319369201691,0.4511544593586667,-0.18787606473270746,-0.17310947942482904,0.20756346816618057,6
-0.30727278160630017,-2.0928608689024726,0.1379404183967185,1.4899436454207715,-0.7612496194064977,-1.0598069110482327,1.248288806240681,0.8634075428630497,4
0.7051604649129418,-0.5330250539650091,1.799398397122339,0.3825214871210946,0.22018680142786437,-0.7742447285963441,-1.1190907148411204,-0.8909765267848658,3
1.3277854835577079,-0.5122195377167327,-0.1309013794103693,-1.8322352487756597,0.0005009731176173959,1.550697559607426,1.069536588320004,-1.09128615972034,6
-1.3095253089632635,1.3441465763817286,-0.6521828102379683,-1.1194888866655905,-0.3136637108045176,0.8026548891762347,1.0301405058347322,-0.97743519273463,6
0.39385706767681244,0.8920035399271996,-1.8896008621345348,0.0710350314269561,-2.1765428415467922,0.8395154277811581,-0.03620931517883722,-0.8708636265050206,0
-1.8634341752548187,-0.24300215344423665,0.18740311514219765,0.5721013035172182,-1.9463118734289329,-2.6150524678025215,1.427625973184111,0.8759131386664473,1
0.6045162577670029,-1.5765733856759072,0.31825142845017096,-0.8017020005851863,0.3982777306324433,-0.3168580741015002,2.4083167195834405,-1.049500521197869,1
1.1443682035939622,0.0482227059071403,-1.433624561594276,0.4076673093451411,-0.8918928206073493,-0.5051600399442987,-0.027056193510587297,2.197015817696078,4
1.8390799355669138,0.1423094148310455,-0.9961061597447942,0.1348323508492994,3.4276975708456066,0.06318090678537054,-1.0073533425946088,-0.7565522655589709,3
0.4761313399507004,1.8841124793144026,0.13151108703334455,1.345230419365807,1.1593910650371917,0.4002592839071859,1.5733442397256696,1.1281543620957057,2
1.3247570378115434,1.0356791068015523,0.47277733434721936,0.17226332699594402,-0.45394888179332277,-0.44545480764295825,-0.19093238897385184,-0.9380420804469325,1
-1.6406700136658838,-1.1892335885655299,-1.5617131505083353,0.01600005380300608,0.5699684442757342,-0.28993748128382635,-1.203615462261529,1.0171205386038924,4
0.20073476858279538,1.9810807891391369,-1.635386464617186,-0.7640858458586274,0.07859073955475696,-1.142105982867869,2.833644507468993,1.1213261378065151,3
1.6320168621083366,0.1669276171477653,-0.6646000517622336,-0.2533616905078312,-1.3965076623323476,1.2670366578821448,-2.1299937604249273,0.24701898600459074,4
1.6552579636829117,-2.015541437561919,-0.25132073094513835,-1.0281333992219654,-0.21853768451072417,-0.4742829591792447,1.4941654387123895,1.3130912078273276,5
1.2129297315036993,-0.05886656431329071,0.7959596829358473,-1.5028333597076062,-1.0997370493173988,0.16988380509382683,0.11675875537930533,-1.143005595524908,0
0.30955462530458455,-1.268317764454798,-2.235006896508559,-1.5664097861181914,-0.26846641790338815,0.7136454766422076,-0.3708151929045637,-0.04345766881467189,0
-0.96368063305347,-0.6414092885781911,0.20360243994857177,1.0649433365644474,1.0541803839350727,0.05943478254710278,-1.0684922218647166,-0.9266945454495574,1
-0.7294021210991368,-1.3711140790114158,0.4919667189698694,1.2519795243752025,-0.48100819827678,0.978973079946733,-1.1316205826075523,-0.13962310007600992,2
-0.508824128237226,-0.8249202420989861,-2.3125741719522925,-0.6591493696119078,1.040537484037301,0.4166568444557229,-0.9507741701069146,1.1362951112895665,5
1.1906000525671963,-0.37640780904812626,0.8294396413903243,0.8041171953962667,0.19814435891923016,0.7286276731157372,0.694869880508898,0.9136650049206582,6
-1.1264736894237093,0.953260483668996,-0.09676642798025525,1.395880439705692,0.9072694843289228,1.3530399500276322,-1.1605639465244093,0.765002174328652,0
-0.46457273840993035,-0.9407489925836539,0.029143255158265824,-0.19443159843942276,-0.5585278158348518,1.1480718253223203,0.5149286713647626,0.377136018259786,0
2.170536391323608,0.5744198924048142,-0.8447183829526645,0.017497769870851443,-0.3527003830603111,1.2187419729671587,-1.2643405073957457,0.6890843997710163,4
0.8879796902599475,0.04991473634902198,-0.5740462931860653,0.8817389138696251,0.003639877596461282,-0.978105235817502,0.4109604713203821,0.7493289690570177,2
-1.8018856264474654,1.7206526029436338,-1.1452737371578523,-0.6891862494365811,0.12608554365423985,-1.3745227770012398,1.4421607797488007,-0.7500479293261973,4
-1.078805414759098,-0.4822001767698544,0.7016355347066523,1.5276194812874055,-0.5009317021635926,-1.028407303093002,1.2686197590199078,-0.022639449182101548,2
-0.3152541537143115,0.32536740120337665,0.015785103195277757,-1.5477236784701591,-0.6365829461216035,0.3349655778963513,0.998283206269686,-0.27006171123851064,0
0.9973093888055916,1.6238192178313562,0.5618717866349582,0.7128231443612236,-0.4112169221457348,0.13955105403354745,0.2770229093463022,-1.571338144922866,5
-1.731259134851553,1.3010441840954479,0.5984582785510394,-1.2724575135954452,-1.316480314670252,-1.8092821897417912,0.42035909729083054,0.46970960888678603,5
-1.6734217568158858,0.4759126014913402,-0.9359474331091632,0.9251692988838209,0.4896708868516099,1.2940504072682164,0.5332741424634623,0.7419747836033567,0
-1.6923655378930558,0.10591467441111292,1.0333319113643338,0.022998743651573256,-0.11910447132329006,-0.9757697926484261,1.465232271932028,-1.4036371694321679,3
0.5331149360820705,-0.5935250203438025,-0.050374006366210415,0.4967920447290187,-0.29478661123601463,1.186532105736895,1.574305213656465,-1.4440125840981795,6
-0.6025873444899918,-0.7270373510223784,-1.578614393361625,1.590887412794373,1.2479610811383017,0.3267128546787591,0.4841845796573279,0.3512409384860354,0
0.7854041585552434,1.8187005155453526,1.5348306206696,0.10443103473824157,1.4045056510478007,0.6580736408070896,-0.7826856847356469,-1.2545419677435565,4
2.2391460747247027,0.15442764043708843,-1.269537328508964,-0.486529651738274,0.11171576711252448,-0.24055969374610642,-0.12364012484913676,0.5938122208093788,3
1.483559947969555,1.2573205877774152,-0.3466134645924222,1.951077998368583,0.5744683375973911,0.893782571707561,-0.04476158195918924,-0.6997170243256452,2
0.08544732131052322,-1.449005418644984,-1.4049992053589213,-0.4699488988945713,0.8584263727184612,-1.8120243148031097,-0.06016800793028699,-0.8819765857611095,3
1.187263176074919,0.4527311843308366,-0.8079463710528773,-0.23988260086661523,-0.7480675975583336,0.7565515175760891,-1.1578455263113383,-0.5687181594726033,6
0.257814348786795,1.6964941736943253,-0.15250207354211406,-0.5459855751620988,0.5779310449623575,1.4859745936050577,-0.6141281463391448,-0.8915225212021892,0
-0.42111379596780235,0.2148788707831296,-0.5603976957169519,-0.861998107167456,-0.20054041863555513,2.148043028280233,-0.41638578184677033,1.3194367531646958,3
-2.0521186128378215,-0.08747176618461248,-0.7699991323988813,1.0299382544206503,-0.7562808807649855,0.22608201750021784,-0.4811962120401894,0.21895315639861646,5
0.8212041409682174,-0.3997593113605953,-0.7196823917612697,-0.7614731786233232,0.09281918384222095,1.289700623821227,0.8195540072035831,-0.07696263255887742,3
-0.10681800166663613,0.4738347989648611,-1.6364927546666765,-0.19663839121117954,-1.3739954561656234,1.3552899235058846,1.167067447592228,2.105958836219799,2
-1.3855782302872526,1.2473626665411364,2.2616926800388,0.013077789088509638,-0.6999987275266785,-0.09673054787472297,0.7768536929253395,1.1408563220251153,6
-0.8995463778771928,0.48811057250295903,0.812973397161611,-0.02315620206786312,-0.4854540808528937,1.411572669520717,-0.5204667456641416,-0.6221293051033773,1
0.07923380945142933,-0.2899752035131568,-1.3204660628479603,0.21343670191541542,0.6667343273975161,0.2856573958373553,-0.47010964305162695,-1.2525790906151915,5
0.19301872836288667,0.1226490620560785,-1.9142622879365019,-0.4578686411494622,0.9015690980036932,0.4708039165207915,1.6323543712949622,1.1923960018393174,6
0.55179682447142,1.55418055010193,-0.8528632559221951,0.6997201520125212,-1.8982829823751928,-0.02290883390886492,-0.13946363569503342,0.9689058056342097,6
-0.33667876858597945,0.33003372000301134,0.9699138346681867,-0.2585389959964732,1.3926331868156006,2.59176609394359,0.03086003518539019,0.24467952061973192,4
0.2966789176087131,-0.09702170354832301,-0.29601794828445327,0.29301898939924237,-1.1343156026716403,1.3946979986592654,0.14058989594080462,1.0842218067313347,4
-0.20372398136588074,-0.52911083690908,-0.6071610219942636,1.2220162105085917,-0.4125414360882457,1.976308648899875,0.45628315576124917,0.07893176584195476,0
-0.7022098819422121,-0.5711657674558228,0.7614416069157102,-1.4448574114923003,2.052014855424606,1.1824170083570915,-0.6333618329969103,0.30483609460978794,3
-2.2507034217665196,0.25071781393137293,0.2571768043110586,1.3788415308811022,-1.3335790416574784,0.5229852478193185,-0.6466088796559346,-1.2695137257149458,2
-0.12865046576640257,-0.6815196822539747,-1.4982671859964778,-0.08015375592720846,-0.585395266688671,0.4702010217826004,0.005624686444304562,0.5078032951685155,2
-1.07390117705355,0.9739421810085661,-0.7595134072722791,-0.008181741069769004,0.3727868175887587,-0.05223323168117084,0.3864440267701825,-1.6915709074938547,0
-0.7222382769184618,-0.5199828583784548,-1.0543841811815824,-1.6615316504153705,1.3447249916056465,-0.8642808578682083,0.8633436296017826,-0.22916154136152164,1
-0.25792517460542563,-0.17381510978165302,-0.09476447199980192,-0.7842659503004535,-1.0396655694817247,-0.5727732725075515,-1.6502038161825754,1.2313305847357583,2
-0.5681962625933452,-0.7893856477502517,1.3330676287198047,0.48500517503074125,-0.10375887308042041,-1.2459007100433492,1.8917454229126163,-0.6990572076175062,2
1.0890957181123133,1.4635645638343482,-1.1739066733933778,-1.0995080990020685,-0.2612293408847368,0.026945326291231225,-0.8579342919235229,0.24447637098323857,0
1.0917717913827307,1.9642814922436869,1.3612613933195545,-0.08537820856082216,2.0477215383559946,-0.3602728458191936,0.5477841966812498,-0.984278291440222,4
0.5464156872198598,-0.21084116060106678,-2.878917537352262,-0.37353491887663826,1.2115613538798307,0.32866220217923076,-0.22963036967857448,-0.47585748315403,3
-1.0674728857380458,-0.8668726874747089,0.9038969331608426,0.25018306321746436,1.3083770366329615,0.3976947542366374,-0.3102033252871074,-0.42235488022975803,3
-2.9793676513616316,0.5536099841515203,-0.4023278029424847,1.316186920703479,-0.6821721580091502,1.427619091457031,0.10206180155717567,-0.9204423646801907,1
0.6630515754129217,-0.1795948163992765,-0.7496913394465505,0.48641221152942704,-2.091388741040892,-1.270166298641425,0.25489427570132683,-0.8516061328993674,2
-1.4364500860376566,0.1941300865532435,0.9560333169088585,-1.2169414506072913,1.045201982731381,1.1527332192505755,-0.67177257029982,-0.04226584414864116,6
0.9163314464695473,-0.8494153407940814,1.4175832451127852,-1.1874572976143531,0.7089256213595582,2.5848890973207066,-1.4414979952866027,-1.101646432320461,6
2.1869795991059475,1.1068689645268306,1.0211238800904823,-0.5797980931114075,0.1480883529597032,-1.156481207069149,-1.5220353309279266,0.9663518375325416,5
0.8888412103735186,0.052260230549267324,0.8110530718962327,-0.22797583628510404,-0.026634169207356305,0.4652918818284167,1.7378248679314565,1.9703627445425569,0
-0.5928418358225878,-0.5356516073640666,-0.6200360631842281,-0.677290443229467,1.0907981514234697,-0.3682484915301324,-1.3919927646114523,-2.3590920857327573,5
0.1574514606874116,0.3219527515292611,0.20749612375008814,0.40582927709472555,-1.033623315880908,0.0825686845457844,0.03448373750331363,-1.7715944700073067,4
0.38725403388741586,0.21004521281440539,1.6469553020279581,-1.5854942950779514,-0.3124132758855461,0.5747556598226711,0.6468155103814043,-0.3482173040544386,3
0.9023594592680625,1.40468744163135,0.798364995743248,1.1320963146944591,0.5544518458332031,1.026519159609358,0.41275520431898166,-1.1976382244871486,6
-1.1441095125461536,0.2586704311268028,0.5441112239245636,0.29436597069868153,0.8398610747563247,0.4930745116754242,-0.5722205478743628,0.36133180639936546,0
-1.7027855215688903,1.8730772822612054,-1.5335945297671607,-0.8469004601744548,1.394356903131268,-0.33172779894697063,-0.11254971575854618,1.415951087042812,6
0.665043158853273,2.296459256063048,1.9068263026226504,-0.6733355879377008,0.7498137460021241,-0.6361658153711797,-1.7341183872130654,-0.5514222625443838,1
1.7540437187686158,-2.624764286001466,0.09226258805903259,1.142912110732265,-1.3910505720555142,-0.02810148732136665,-1.7021872122029702,2.021115788221901,5
0.052330912636038326,1.5443350979080421,1.3045170167263678,-1.2121512019342167,-2.51488702778214,1.2111757993365393,0.11204205275601062,-0.3502489230097845,3
-0.8932365064733905,-0.7593952257202755,0.15938376091738654,1.1292464220440115,-0.4088390354541402,0.924163754932302,1.219092488272917,-1.1395479698543445,6
1.118701649301962,1.3174908897105742,0.2813868274483603,-0.26871827250139707,0.7002696045241632,-0.8705731098135621,-0.13089081774537828,0.23050990295858367,4
-0.04023822001215273,1.1395063812711093,-0.557636238897342,-0.9293345744090781,1.7802512864116518,1.3544529957021225,-0.17029065120157175,-0.6361582769945415,2
-0.2933083053407211,0.5052349808003054,0.9599323844995056,-1.302201909700861,0.49851803046922233,-0.30031944069641336,0.9913073238713188,1.5827999678111229,2
-1.637223633313881,-1.327412201576076,-0.6355848423158493,-0.8825266136105009,1.0529123800477362,-1.2875202361774427,-0.009831752717532966,0.1170376802388328,4
-1.1851433682173298,-0.1291609519546716,-0.168363925848815,0.052297612620041574,0.09586672673259536,-1.2482174412404006,-0.7560393540372169,-0.6110549345872976,3
-0.2842807097610524,1.8720838078740565,0.3768091116151171,-0.1263087751698499,-0.6955413297909587,0.44721039312469557,0.8985934841556873,-0.2238765485077892,5
0.8214927621577103,-0.43374026131555626,0.6560508077476445,-0.4884361144812851,-1.5460991043495975,2.0007007149756033,1.57492383493838,-0.7573958203167912,5
0.9382452920534656,-0.2712574471202936,0.2780758385145941,0.18311774315712073,0.4681232883617063,-0.9869988149919385,-1.0085434678114398,-0.41428527642404817,6
-0.6406413777710291,0.009584615328626185,0.19478506662942802,-1.1629427226813673,-0.37543217369007376,-2.24613439080935,0.5925945459272315,-0.4670920471523685,4
-1.725076363852768,-0.07024529827318866,-0.34934894742244055,-0.10705029793359995,0.13594524218243959,-0.8603605584169253,-0.04900308783342548,-0.8801264430072739,1
-0.1920983599186479,1.4422322799889464,-0.5508762949190604,-0.5140813016748392,-1.4806436272304793,0.6907869547587064,-1.1518112811860834,-1.439538783770109,6
-2.253269544275076,-1.434837941463041,0.7940523697494709,-1.3680249160310631,2.3895771666537593,-0.87156704338868,-0.21852476269657362,0.3873689966969974,2
-0.5601185528928968,2.402613644751201,-0.9752302341341612,-0.10419219022199808,0.06272660769448674,1.0452943538070574,0.5770787482978907,-0.4286350108211457,6
1.4900918179618183,-0.41113627331582137,0.7736860987135871,-1.0066824243657129,2.155066464975738,1.4983381751185292,0.23696274061040226,0.6156940221655987,2
0.4930184499272308,1.032094814729809,1.6872712533373517,-1.6964491149416254,0.7859848093312892,-2.431348401168694,0.39560013570935515,0.09298594463755849,3
1.0102407279166359,-0.31278601107298737,-0.24858146641007015,0.8055342845963868,0.6325919047066243,-1.6925955337546734,-0.320042346072415,-0.49314946595773124,0
-0.5658694835802545,-0.03521182526373087,-0.9105481097947928,-0.8249057716317885,0.11386751948213904,1.0994107224582015,-0.15562818638062126,0.8853413621650409,0
1.1681064094643772,1.5379827380754802,0.3123900045841819,2.7393131894459093,0.584391431561519,0.26399375168923966,-1.4080310120619448,0.698933245334452,3
-0.1860975869695529,-0.03846257788978014,0.0672660983344641,-0.3473411066879608,-2.9633238782044113,1.0738974996283555,0.7057618330745381,0.45523383966161635,6
-0.7036159556276684,1.0774243065086073,2.12384045307406,0.9000993769361059,1.1798254285572467,1.9662887935133742,-0.5961249273711934,0.400325572495837,3
0.836134043154101,-1.2916036700593692,0.928417756370894,-2.382364340831706,-0.5914628360519267,0.38974696550502225,-0.9988223943732399,0.0874857262727812,2
1.8014510869749776,-0.1612907851521962,-0.4710466778808506,-1.7273476898651046,0.2867531583472996,-1.3075949994491507,-1.1303857765281364,-0.42196557731408957,5
-0.7495350290770291,-1.2017776745709932,1.67314693856299,0.6370389021316933,0.9928539107851456,-0.28640716378305586,-0.730039405808941,-0.7889597268753792,6
-0.9126141534610985,-0.5454303068804155,-0.06679178634558419,-0.9354863030718381,-1.0119214040990046,1.4693409543104732,1.0923971473475214,-1.12240766601014,2
-0.21514352780723864,-1.0271873006349872,-0.745999512297793,-2.850369384923802,0.8159418614169166,0.08146160500801007,-0.8485510969680548,0.826265118992188,5
2.749484575968265,0.5973288625329463,-1.5223893327131128,-0.5450678446262592,0.07011622057255393,0.752606526546468,-0.3381369121422354,-0.8352857713786617,0
0.40519457018070537,-0.5437414250587825,-0.9539495720214085,-0.03913810188039768,1.8059563417317575,0.41401536795739974,-2.2022506620345785,-1.2870831706178572,6
0.9709986507336926,-0.45801949502495887,0.38240517380257966,-1.3400905842512203,1.044664377446966,-0.5899167650808503,-0.24819191309234706,1.2026682293864819,1
-0.6490945550791967,-0.9356103537214333,-1.4611050216990875,-0.9276051017015171,0.20706527612889755,-0.446068281150187,0.37614622707578854,-1.1456606591733622,4
2.460230281929092,-0.9917365788539472,-0.8010531229851461,-0.14382380536564712,-0.17495270288947654,-0.535178253777967,-0.5272056013197836,1.455910301408658,1
2.326356043198171,1.6130425833497353,1.1017209717667678,0.20141746957403697,0.25515661553215563,1.2938240020302176,0.6797018335416,0.4513594308561849,4
-0.9117337040967273,0.8183427718279841,0.7348770066976221,1.0447470013410038,-0.9094900504803313,-1.047870185967394,1.1797200988015313,-1.0204995422249703,2
-1.0895999767453841,-0.015761257785551055,0.8764547119899472,1.8522566981958528,-0.6521926586302819,0.19965727083622992,-2.2226780088263736,0.3721284767299444,0
-0.3113645503559068,1.5858264142217067,-0.950374614521342,0.4051227012878544,2.877589405729827,-0.4563568761662899,-0.468217233599577,-0.7880709229492731,6
1.6435152374830648,1.1653410950998322,1.2489124972407384,0.2691414301455487,-0.7806168902164297,0.6816277996231533,-0.47812165970083204,-0.3671281871115507,0
-0.9531184560949687,-1.1697069433484397,-1.7009186222710184,0.22902698993853166,-0.9420708393363872,-0.397602328286902,-1.8091703548778466,-2.3665826649379906,4
0.043045460110462966,-1.1634057154841586,-0.32869148434121886,-1.7959153789459257,0.05811499560666348,-1.420674451964893,2.892818824247929,-0.9987798185370421,3
-0.45047181434535527,0.8931518816418161,1.587881587934943,-1.0084281562686612,0.8841197955717843,0.4090507948739798,1.1062159936501883,0.6377198361175053,5
-0.3468556867207069,0.3318708678268379,0.765352770576052,-0.8288576829464409,-0.2727849484040737,0.2659247765075455,-0.9222846678571242,0.7207995502032942,1
-1.0840147705979761,1.4581130563353868,-0.2438618463164005,-0.042428235213848864,0.4339139374147371,0.9600986887159852,0.6167327387182503,-1.4235400272535919,4
-0.9106621255007067,-1.304721146152185,-1.567112762979039,0.2920236591930502,-1.6471244584854747,-1.366172217600711,-0.24213507674251172,-1.5357858184092408,0
0.8742201924210786,-0.24401747004762667,-0.8280224097870769,1.811991438660799,0.4709516149896326,-1.0764234017690832,-0.2942740129792377,-0.37119446080020524,4
0.555470782998785,0.7163624446143763,0.44147198013636113,0.036907811100938534,-0.7810271869519247,-0.8289310081780638,1.452393990716742,-2.185759520504057,3
0.17840692240583922,0.12958686899506727,-0.7985473900786619,-0.39745528434458866,-2.295541311325609,-0.29530719596534677,-0.8764409064140303,-0.2706276938774095,0
-1.2684010123919678,1.4705504612454816,3.0419834369618712,0.9855309116415574,-0.6228026672559457,-1.1484096601825793,-1.3772910924541737,-1.2271126461617143,0
-1.7426824931540041,0.030290971860608248,-0.9225938092372847,-1.5251183176926741,0.693878978690781,-0.600317157101417,0.25568625876934753,0.22242053320153624,5
0.11413338695884603,0.8034942436253883,-1.2358062364879465,0.04813654945127302,-0.597378039140789,-0.7445866608685563,0.4536980893122915,1.5480396092272777,2
1.1827672486773686,0.5115399040803836,1.2056048343514671,-0.39838414903232144,2.07851973091461,-0.3131370433113621,-0.7545225372832325,-0.1068360153868236,6
1.0069999746148453,0.5211774695260071,2.48872310571285,-1.1568898918529502,1.685970201631875,-0.22566156342854315,0.2653767694495287,0.9057923569865522,4
0.2527178993356928,0.05822750933642113,-0.43797659147232426,0.9675427872305876,-1.6328113603753207,-0.7583159456037846,-0.9118183471190341,1.6599886857851849,1
0.31062367346794295,0.5072551692017522,0.44724550503403626,1.6986151701827796,0.5161405906738539,0.6274344238283543,-0.1713009748016372,-0.6469000059811636,0
-0.47070766612135884,-0.14315558235048803,-1.377992772028809,-1.955678172853072,1.2405070904136182,0.8836997660593393,0.6891558863590032,0.9929482408045013,2
-0.003010258090785226,-1.8596227602242816,1.4939282981923137,0.27562484260869363,0.689745074503129,-0.7109272941169978,-0.015698928889816458,0.2688584322682522,1
-0.5674432765541477,-0.06224370397631749,1.6674293614133928,1.3290012025184113,1.1691929191267973,-0.7038860708237362,0.2728678331802518,-1.4948097804021327,5
-1.8135285885185386,-0.468555225545831,1.0015567109035362,0.14370231172149775,1.4659813398014712,-0.5013988288978066,0.7299755508671211,1.3989423187132195,1
-0.42793919665940655,-0.20422268932198204,0.7498458240866339,-1.967234014128863,0.7893722236960473,0.4114294970745325,1.3222168402937158,-1.1490124478651877,6
-1.3913470542977804,-0.7000653851666655,-0.36895146335820833,2.3185666575628434,-0.7473457669551543,-0.3252905757994327,-0.17939460123522788,-1.4462911053038208,0
-0.8912313918513722,-1.9102837643373072,-0.9303019304242119,-0.12761025256039993,-0.4668344694143795,0.6697171124188964,-0.8235393046196882,-0.7011316236164787,6
1.1275133522878567,-0.8258011895300423,-0.3821078719239873,0.3214260696538884,0.7109421817351227,0.7440998863185339,-0.5610099161595931,-1.8404023191144223,4
0.6825926905515841,2.19748449019255,-0.571227346540071,1.0805805545338016,1.3523842627810112,0.05796189152773266,-1.2807996506228383,-0.46494582689163955,5
0.03569435354171208,-1.652158495486806,-0.9120735120442008,-0.16875434836422118,-1.474610392239106,0.20750375536325288,0.9193235876399143,-1.7016208758612943,4
0.671809628090374,1.9175591612743064,1.144778756710336,-0.013693722508714961,-2.156910775474827,0.6811362847171694,-0.5005172381637202,-0.759321504625068,6
-0.0647550662169677,-0.46473519900809424,-0.741272924176377,1.2458024839313364,-0.9417953573052599,0.6911962282764401,-0.8243184413256254,1.284651154820411,2
-0.12377453117603249,0.2230543297990351,0.04297720600243158,0.2519600951278085,-1.2954643801296863,1.400105902285021,0.5214931394565337,1.1897049385245393,6
-0.153692910509317,-1.8935586531574418,0.8901608796650429,1.346213056140067,-1.6912539046647679,-1.2163151226786082,-1.0436094142763626,-0.33845813946813563,4
0.7431149877156011,0.23712256756668657,0.7462173558992331,-0.8281903856279933,0.7867078489149302,-0.5962512988588334,-1.8500555380793455,1.7753303808243333,2
-0.2620172813858685,-0.3019185003560993,0.5463786298819486,0.7511202542684976,-0.12384963720880535,0.7570770019215257,-1.2194862297578726,0.2506523637545289,3
-0.8937365491977071,-1.2313349886215934,-2.3835605280246375,-0.33156199676148695,-0.06478523613352412,-0.6040182706846723,-1.2623242865395128,0.9328893910080842,6
1.5004215816425714,-0.39549528487406227,-1.1464103449882406,-0.857819847278562,0.934111022389181,0.6842353873172126,-0.2698091637015374,-2.2714759908628763,4
0.6404536163795108,-1.1623010236581093,0.5456059901488547,0.7866383800578716,2.563920286137889,0.5341458455505326,0.1452397542357357,2.2525071940890444,2
-0.3221250625889686,-1.393022372764506,1.1575092292303824,-1.2960801422445072,-0.9269423015888458,-2.4420455404724013,0.11328457305517199,-0.42730044527948646,1
2.102905805780329,-1.521374085437458,-0.5815914393219683,1.237515588812565,2.060380737328427,-0.5837779955684079,-0.051871483534158144,0.3013050997297458,3
1.0567004308807386,-1.469621030491177,0.899324227929384,0.6007162665811973,0.4373508431498317,-0.21814725323428807,-1.0886082889325641,0.34746230226874153,0
-0.4937899736491428,0.9151485502431507,0.7577507890475991,1.699440493492721,-0.7942354148146443,0.7845224143909063,1.2125762252984775,-1.7578349916214644,5
-0.8717013906904757,0.965482890389021,-2.9402957699227237,-1.3257503217115936,-0.8853340093272873,0.6011295223042655,-0.3762832961666158,0.506911281090379,6
1.6615394324948864,-0.745673237734948,-0.3863633775901739,-0.7592277811849764,-0.17025768172699443,-0.8086869531039772,0.21563015224688495,-0.09569054853055646,3
1.4339413451302212,0.5833982391496251,0.8892785957403536,-0.4266741710633974,1.1961943682812284,-1.1218844933261238,0.6593202604983142,-2.19950179559478,0
0.514308167506263,-0.8186718543742904,0.6085268857739231,1.6744230362161576,2.1609119159746366,-1.004793782588188,1.4899847663796446,0.4768710733247119,0
1.0307310000185659,-2.431410113465532,1.0021575922357633,0.6381452840337578,0.2946489844344497,-1.9612433306641657,-0.6865184619531581,0.12557465108633623,1
-0.480301345235498,2.8411545859974177,-0.06856937908452519,-0.40928379584699254,0.48993304864376525,0.8080067328100602,0.0794189722988484,-1.0127739555819961,4
0.4314183976299726,-0.6333823870652212,0.08378080134464022,-0.2456983968254286,1.4211131097953134,-1.4494717728928581,-0.9934124665959693,0.10594329260663837,5
1.3399571746291339,-1.4543489886278784,1.1236933135417064,1.4159443957390718,-0.7383144830172937,1.3977171537512498,-0.8143550016203011,-0.6831790410989482,0
1.1387251299566594,0.4375840971936713,0.23417544175156596,-1.5618082964889317,-0.24995268936055273,-0.8221515863436908,0.08926302829277614,-0.73531477583851,6
-2.3602486442194004,2.0031325736854724,2.384616189685628,-0.14256069408127453,-0.7270691082645638,0.7360812976419795,0.44544782435098024,-1.3721281670671839,5
1.473996148167572,0.9038671725303222,-1.1621738903499361,0.09906163039843394,-1.2615713870471204,0.10566092859333256,0.10063222867530665,0.9654056184538734,3
-0.011656348102338258,0.16964962943239084,0.23369659557682834,0.10270764617199982,-0.2389219920225593,-0.5379607553079879,0.12651776305789064,0.9946348719595658,1
0.6993722582839528,0.2050016402435828,-0.29447544283973653,1.5151493333524846,-0.7235082477268687,0.26345582725570804,1.1574634353160522,0.6131749065014195,5
0.18169787899851547,0.7396248545986812,1.104978168889465,0.8297440808108866,1.5588491931266515,-0.05821055176446586,1.337442925084832,0.012031422182094555,3
0.6613328769918455,-1.2856314780808233,-3.3674127387664035,-0.28607491577541955,0.7192138270107072,1.0008107595641953,1.543446692635058,0.4095095743251254,3
-0.6421115136050134,1.039514278377424,1.1374853848740016,-1.0222241561676433,-1.0043161043449227,-0.1893843609397024,-0.5159659844195398,0.20424921281501338,6
-0.7961466894586708,-0.12270260912849316,2.1982067587833716,2.1803351724337166,0.4458402777157019,-0.34110561431531,0.7529832838668158,0.1779317254237144,5
0.03561746204077347,0.8045696600983793,1.87742538245243,0.535745740105995,-1.6925087107761494,-0.6373897834796008,1.1340348478526416,1.2974900621683,2
-0.41787342515434606,1.3759003016134703,0.4206288552271777,-0.8061686406798204,-1.5475487852471927,-1.3245564675944852,-2.568863599634987,1.396585070316111,0
-1.46135709403052,-0.21052359842873183,-0.2588662505373841,-0.8591361898915438,0.45001458891492935,-1.060336536843662,-0.5509937312412707,-0.6265711289535025,6
1.3399913780857513,-1.1978358701668332,-1.3508533630521546,1.1366583579651646,-0.7092285343367418,0.26739921069508243,1.2520061796792528,0.7222424309511732,6
0.09709765958895156,0.7737596564138224,-0.8485806128113035,-1.3982466143161831,0.30755598726390837,-1.6868111734256959,1.6323267862341895,0.030235585172481105,1
-0.12422954491804628,-2.2378914993114924,0.42346984607686633,-0.5769222357218312,2.2658754884323025,0.8614609040202159,0.7378748352390593,-1.2924972928203333,4
-0.33448495997547445,-0.6338417920198646,1.2935557013503995,2.415496204377006,-0.9205134136404244,-0.26565447199629055,-0.03140228957655129,0.9739026131844744,1
-2.2757721292646305,-0.10149090571007661,0.1877801970847832,-1.641902754623965,1.4832676906354998,-0.5219564588313527,-0.32551237078252115,-0.12744061578501947,5
0.9302667732417647,-1.5955515890431993,1.055184487074849,1.1508786870072005,0.6024719704469809,0.058299737794091096,0.039940237116592885,-0.8072246769447979,2
-1.0639677963046117,-0.7591411572599032,-0.1753736570521475,0.2034091091999839,-0.5818624717643279,0.6884507608461372,0.0961972655201949,0.023731733983727868,5
1.708448551600907,0.9630134037830321,-0.6856625915313099,1.737798413209565,-1.4033401919219548,-0.8121925881889831,-1.4809299198287913,0.8466580364231542,5
-0.829439842610659,1.2096372957925987,-0.42815974646724325,-1.4655845454197005,-0.6952961284377838,1.2798821933682012,1.359648230487772,-0.19411630305177188,4
0.6111465283510777,1.5137694500185732,0.2593262539898566,-0.9468106813867853,-1.7905933370115255,0.5412423581680141,0.8809162862062432,-0.1490993141213997,5
0.4299089965907531,1.2755500304113723,-1.0647959461977978,-1.3133698288625826,0.9850704530929645,0.014027873079544364,1.3893612224761793,1.0483852764585364,4
-0.947561944058394,1.0848968151868352,-0.41712478049109053,-0.8742818731311993,-0.7399261072583122,0.9837099703339304,-0.5737655268702806,-1.1847929202746363,2
1.3454322312815565,1.7584006057248094,-2.6018874435317634,-0.34336525925219946,0.05690016912327061,-1.89236025564877,-0.29561505993182413,-0.6131557941297346,4
0.9135524448862608,-1.1097556337059638,-1.3872168677138688,-0.7894545558009057,0.49417995089957734,-0.7317472406960218,0.3149187411250565,0.8186192887749159,1
0.5161425066868033,2.0602319766683896,0.5509191997996347,2.419020220130557,-0.8060539599153145,-0.015064757027450386,0.6140365977464363,0.8044576750544534,0
-0.7257985942012211,-0.5212429634678047,-1.101673808022953,-1.6796881031051876,0.29460783696651177,-0.38371827520043184,-0.6324973847942219,0.040500639341369014,6
0.734393064896452,0.58394052511262,-1.2640054564867207,-1.0807584288538377,-1.362841500236882,0.7364934381864895,-0.6783445253527439,-0.4825417229444894,3
-1.7528183729279379,-0.7053141671059697,1.6462067699332605,-1.1100802277837996,-1.850845180335179,1.7088380981593112,-0.7858615688449189,-0.3318554252998683,3
0.9506793303557766,1.9284889491200574,-1.0034076147884654,-0.6904143886639712,0.8203543339471587,-1.2335446727030692,0.35871120218074565,-0.8386914705067415,3
0.21957635356321234,-1.2059881949780513,-0.25626148333385196,-0.690551117548344,2.016043115048537,-0.37235101058864706,1.1236292663916057,-0.4632428196210365,4
0.375511538234083,0.6362285571157282,0.8102970392079376,-0.6394008570112206,1.1561506021527352,-1.8395309942347315,-0.8570099015387609,1.3247272050804593,3
2.703295851336636,1.924017818536221,1.2619607893846407,-1.1007736285587078,-0.8305331583792023,0.5339680703603924,-0.6074961894084651,0.5339298324772543,2
1.7851104295750826,0.3287075028932843,0.277718937303615,1.7925890650084566,1.0667339238252624,-0.6492323756832681,0.5612510476908571,-1.4007467742401245,0
0.8485639081912054,-0.42061842033874597,-1.3236644503931407,1.5960150150536458,-1.2728836954547418,1.5380385271834849,0.9297034501274494,-1.2948483451274568,0
-0.5931544479248573,-0.2632815556926713,-0.5555600043708186,-1.0901639576561353,1.1249151607122623,0.2316339847826011,0.35088169523108725,1.8051572121287907,5
2.290353617669873,0.38678971399085343,0.1717642716210937,0.4846839422128713,2.076333324689256,0.37452463322124063,-0.40301153692756886,-0.2011169586980836,4
1.9210130576845448,2.270308975517228,0.706018076566556,1.853126911924383,-0.9965097345416328,-0.994926386911358,-1.5869979126469116,-0.680449128937257,2
1.0543818582844104,-0.5994463018641937,-0.03664863220419434,-0.9508530262558298,-1.0069284851450593,0.013350003032848628,0.1716481324611482,1.5103465753352183,4
-1.7784908183090344,0.21835402017103805,-1.4089224078030849,-1.5709700456618967,-0.9524291693265192,0.9142513555868105,-0.9227808407897141,-0.28935445549734734,2
-0.368800865652722,-0.985456519938393,-0.0009748551780537688,2.4929438925371272,-0.06958366795055579,1.5133307588637668,-0.46864629298708993,0.5990450771301495,1
1.4256515190262598,0.1405118009262649,0.9449625629861423,-0.23168189561441094,-1.3547815993806898,-0.3548035842675335,1.0167798607721408,-0.10724409227009286,1
0.34288630148887767,-0.5967643493700351,0.23528745881162805,0.38892417595165224,-0.5179341572411149,-0.9793156889313855,0.09023451877021298,2.505597038520757,6
-0.684074575152351,-0.21891736445924254,-0.0006861319380709802,0.2048745082092038,-1.4993543519710726,1.7796407345147862,0.8231843592075159,0.8680305020362216,5
0.24792706610749798,-0.5641625890567242,-0.46605513323987807,1.4292482171394614,0.3754993495841421,-0.3290611417850378,-0.7567596576432888,-0.10728136871600845,0
-0.5114421516441782,-2.2370829295618053,-0.15099092347743592,0.2209030144888848,-0.40821530723099747,-1.611343512271832,-0.02141258716037506,1.0102823872604383,3
0.803753793290233,-0.816278433864713,0.5526677736739594,-1.827733844304935,-0.9148969448441251,-0.37908636576868865,0.13025436460172635,0.4113622058738415,2
0.22393598725640945,0.6515399457700167,1.5881729267265874,0.7271741741150723,-1.3369605063746588,0.6275044165629722,-0.007876932897648998,1.6720355595042364,3
2.114520713515332,-1.0212831377738956,-0.7699078507203874,-1.2957800124577903,0.47680927284169144,-0.5824242780083355,1.0118392334621,2.148429314501156,0
0.33161858105839037,0.3324152015672119,-0.5498961840623522,0.7850264977713257,1.6440358701202733,-0.26617698170955356,0.510014580705207,-1.6250593127518969,0
-0.11785351255978326,0.37614966827428964,0.3775794231845451,-0.590602323913319,0.4666825107737279,1.4390068659624067,0.2886115129163177,-0.5382039749526173,2
1.726576413003976,-0.5694385373046587,0.005921820621246026,0.4114712560188876,-0.812547390752695,-0.8005193032366218,0.8857851814419249,-0.09347658107043905,1
-0.5504711557763918,-0.956128368015752,0.4575410611068564,0.019502382141262296,-0.49188917298470003,-0.5401200902993981,-0.16595543384117842,-0.7857639836647019,1
-1.0331139697577845,0.7034441073054767,1.3323892223960185,0.8568950148197535,1.0898595657317631,-0.5716172244182082,-0.7131029806137174,-0.2493922112403103,2
-0.11596380951235032,0.6308834679057927,-0.3482535801857568,1.333644921718563,0.682666799560491,-1.7208391400976963,1.4305898667050472,-0.5284672049720865,1
-1.7749151052649887,2.054404850930072,0.3102320801336041,0.12709270352594054,-0.07183390654906435,0.2421077170077505,-1.4081967871464312,-0.29593826551300817,2
-0.9042101705853683,0.7521919119171377,-1.5106946360793223,0.9811203254562421,0.7083110058198342,0.5455833593562707,1.8705861997176285,0.26171740705306723,6
0.6067814033665816,-1.3926648770669767,3.433779993963415,0.8525397973721108,-0.5473744636477845,-0.9438091026213473,0.11024619628885998,-0.49746045469528893,2
0.528077557142044,0.47508543487902943,-1.6925043651799754,0.45582305424893615,-0.35966692764003017,-0.8609085604222847,-1.5918126142806963,-0.18451744601198863,4
-0.6001601131761453,0.7684534069322846,0.3760201768458761,2.2576004122544693,1.4953985921230533,-0.022975172873812393,1.9948858995515737,-0.42842845870322427,2
-1.7485427151097865,-1.4496274983985726,-0.5836146388065206,0.4621458463187732,-2.306241323093968,-0.7499693274396427,-0.37070213781707795,1.9064535876129707,3
0.33647655717780706,-0.5560162354242127,-1.040680893746134,0.6316616895723812,0.21154685915420834,-0.21793018051679136,1.0261917736635287,-0.3002511915616526,6
0.4219892801393742,-1.0704167914001086,-0.5030079206353764,1.5893132443610594,0.036699818157103006,0.17449022142769527,-1.1301920291745413,-1.439045823170987,0
0.23539748359909288,-2.4461762732132923,-0.9599179034601406,-0.6396907388445433,1.0598464194561013,0.20227305884625194,0.3680810391487769,1.9694842681273128,6
-1.346490161645208,-0.050637211263631486,0.7670654743532518,-1.8121022297488982,1.244554421861889,-0.2675711319024139,0.571263842036486,0.4397876713866933,1
-0.15857261332957584,1.4802488839134162,-0.9545426492546566,-2.0264171351575415,-1.303857323276104,2.0383808694014918,0.06942496946400316,-0.6081339229277929,3
0.2693854685621465,-0.9700015124824997,1.411135059957445,-0.4859020401035007,-0.4947769635472432,-0.6869299551102606,-0.09760226771215898,0.37223747051352135,5
-0.0429254486111778,1.2733254173647128,-1.0020251549217223,0.5975988553979488,-2.2604568735309356,-1.2236082923249079,-0.3218952319182874,-1.2859309696049788,1
-0.3483840220679837,-1.7276082054674622,1.8649075470386478,0.720475240379725,0.08506569297284598,-1.172515802331648,0.15450090600038796,-1.4494495098035691,3
-1.820953387738818,-0.9986432897600824,1.31935945805813,0.1253536977405285,0.7940836554847968,1.066242632557734,1.6729877584625863,-0.7948576617352651,6
-1.3416615220274997,0.35953498803084927,1.1491814502826292,-1.2174692290649334,-2.3999044782215275,-0.9699428995898097,0.4384087803219321,-0.8199571932290844,2
-1.1153968639836933,-1.4615326243216482,-0.2590693861496425,0.44461910966766616,0.6749324458816135,0.716275173826335,-0.45295649891039036,1.0341303202567884,1
0.5820859001717986,-1.085601720054257,0.4739773722922823,0.003828133006997043,-0.03547304908789703,-2.2700841337307796,0.3333631109491362,-0.3488878281812021,6
1.562490759289324,-1.135603459415456,-0.4660991800996967,1.0034006590321234,-0.6889122173240733,-0.22916465218701434,0.912658431932604,0.9466364518066543,1
1.3910562389181482,0.034006034490798656,-0.4550741927810345,-0.26064194279829006,1.6759204570277357,-1.006002441670823,-1.4783175736104508,-0.35104837476679623,2
1.346740155281013,1.173335643881489,2.1504765385541473,0.590038058639643,0.8313104494660194,-0.3530260461109699,2.591121658866144,0.5323290970166387,4
-0.5330939923883043,1.7717423661446419,-0.3004973612721444,1.0889471280810117,0.6318615437929991,-1.0742322715809667,0.9661936660083598,0.6957768816561863,2
-2.310177011923134,-0.07843623925073188,1.2645923445307674,-1.148711280648031,0.7369197692837388,1.4344583025654887,0.4338767255514199,1.6222052225432873,0
-1.0772973868659748,0.20027941628771756,0.6143069772519701,0.47979826492326777,0.08583636316725626,-0.7497062655262676,-1.3603346086783894,-0.8565807201419988,0
-1.5328530901333095,-0.6292348003371028,-0.14296260991916687,-0.3150109462361335,0.277601210804591,-1.0242855248614473,1.5843695753187135,-0.7365459423989469,1
1.2818491933720464,-1.23071986694872,-0.33145248699986524,-0.04143044276123562,0.19006952660332435,1.685938375867813,-1.537671801810088,-0.4304076085159154,0
-0.6019287181862945,-2.132224140996572,-0.14609974812999094,-0.5896917754467038,0.4142248744063472,1.0038221933602993,-0.8988055319460165,1.2031169215018247,2
0.12189386857857952,0.8976953262062698,-1.179569575904541,-0.9011095527278529,0.9358005549580276,-0.04590774210141083,0.006242342548333775,0.020244282678488126,2
0.6332678460266848,-0.9237106395738226,1.0978181713918338,0.13646342083542548,0.8089029742181367,-0.0031426961690053734,-1.2918820830956508,0.9095871028711082,3
-0.49993656765531014,-2.0994923168435204,1.694754873629439,-0.9009781516198673,0.7596541430090873,-1.7922675192258843,-2.2373721867365197,-0.11152150925859383,4
0.5778949133687619,1.0806721702939066,-0.9882275239723457,-0.6982337730477743,2.041319654098447,1.0762731820427047,0.8961024057020958,0.6764878850992178,3
0.31808861838796365,1.1262506765671876,1.2193959858218448,0.6766063430047977,-0.7921379982820259,1.5684263233104019,1.3420941510449802,0.21016691874217958,0
-1.7974909729355069,0.20031593458001298,0.4813790644834957,-0.2294150261212904,1.839620022380683,-0.6778618679266062,0.6019649520507382,0.2991699408517297,5
-0.9118189477771624,0.9615201648766792,1.421866122692912,-0.939457773449612,0.5390286344582558,-1.025195307301502,0.5697916974100297,-1.0752828645271606,3
-0.4530850416391708,0.2949355249174632,0.158919107679804,-2.1844723172663754,-0.09135525754437679,0.4509922552612951,-0.34311562870850176,-0.4298150067941351,5
0.5607576689320424,1.4151284594221,0.22539210988222866,-1.0337513825751117,0.26760095648503296,1.2174720176873117,-1.6457282917485578,0.2788500927913381,0
0.8170982622021759,2.386073773255979,-0.38303349248360324,-0.7324187767284197,-0.0972592081596192,1.8384710466542487,1.237851644398456,0.5956051165417238,4
0.3090584615184862,1.3909745280736239,-0.9938588634079545,1.394715726068956,-2.1379860407808775,0.5731765728841456,0.6354430526289266,-1.7720225370668254,2
0.7024992295793598,0.6833108429210643,0.5059670422188179,0.07992967239577073,-0.7168772273083499,0.06798475061698048,-0.5475675860623266,1.434388204738606,6
3.0219870061048475,-0.5737414988626692,-0.45889033125985473,0.2573429112157608,2.424908965078668,0.2473008051460304,0.5830397824703637,0.2752095512729694,0
1.2435445042854154,-1.535985286060316,-0.6084214241171075,0.6093419941365125,-0.1336469563283779,0.7112436737829334,0.40186579671087735,1.9585890051733101,3
0.787388433020404,0.5863332925818034,-0.015212722991200233,0.9872847529295457,-1.7894014142399213,-0.5620716945508484,-0.3605835185016235,0.7094128558219808,0
2.059348487453779,0.44539646410927813,-0.08580547223232332,-1.1108178774353739,-0.2194602046144281,-0.9537007655490356,-1.0494275830585298,0.03980086527107156,3
-0.038973557734096984,0.5727101580386296,0.8335359078204031,0.1970669072776464,0.264021361014161,2.020617796274259,-1.1276201844306248,-0.7560899025936579,1
0.1564458367761596,-1.7741185998249867,0.34500993953298004,0.05120234287387873,0.2986829282519254,-1.0469252218340335,-0.4000532029589606,-2.0480691457062967,6
-1.0450158969445789,-0.06148323837159366,-0.6271313023877347,0.2106216521609473,0.4914447462008812,1.4511652678966194,-0.4894595145661123,0.21535109791536572,4
-1.496246798961774,0.641615646011988,0.7099624063018029,-1.0593226266059632,-0.4702038374287643,-0.518815744392606,-0.7101808978929008,0.41321530486072156,6
-1.3249425173440064,1.5590803012392491,0.008669015157299122,-1.6051892831269239,-0.7157185634571428,1.148832990650595,0.07314480827831901,1.0329929996816187,4
-0.6986022922819882,-1.6709735284447074,-1.4999469127901446,2.51259746162287,-1.981188032786214,1.7043273388730797,0.4738225025812872,0.9258779942978426,2
0.5076782151719685,1.9500531598893953,1.077039607420061,-0.07139337880363378,-0.18182487462109662,-1.1713970406571925,0.4557704490803411,1.3217853231165868,3
0.3793596052089307,1.6032681927679708,-0.7230518483600671,-1.423662770101553,0.8823484262893746,-0.23533706079934563,0.9675378488607107,-0.16058805805949178,2
0.34064280329745267,-1.6940864453377487,-1.674141993724568,0.945958086859123,1.73442172095914,-0.15524810464980746,0.704731210547897,0.08687447007869885,0
-0.02101878392974887,-0.10289206277464506,0.810636236602236,-1.5814002779737122,-0.12861733882282458,-1.7773174184778784,1.5146396909526545,-1.448971972693401,3
-0.9778667256508863,2.6275408413871864,-0.6108116551754095,-0.34787020370877353,1.2836174891830796,-0.4942601869758656,-1.2067338350607097,-0.9682261077694901,2
-0.09391251027089015,-1.650240352335298,1.53861954277209,-1.476346579630649,-1.3268432029915602,-1.088804920626371,-0.9701360732040123,0.11407446759734505,5
1.4347479547221103,-0.26884220271739534,-0.6080807818976589,0.032187700442833714,2.373723398965895,0.4388870725335438,-0.9421192943122068,-0.8901271172266007,0
0.4434348746129153,0.457485643989144,-1.5493198339170602,-0.915413249419627,-0.14466194708298527,-0.05936357637428896,-0.9989576493252346,-0.3247750305659166,3
0.2468104711438192,-2.3390682635689366,0.9912006357984584,-1.142040467965665,-1.096896430542493,0.5386358407358747,-1.1974996746481203,0.27836898662185683,3
-1.0441269533154618,0.3690494190532566,0.26889545681558796,0.9635623066645682,-2.388400450395254,-0.8234058668762411,-1.571565808129778,1.9463817994744173,1
-0.9149344392321813,1.3294108527565338,-0.8008352627647018,0.397287916731903,1.0139250230715335,-1.3246455204444492,1.243154332291066,-0.06236577039933231,3
-0.5325591341931307,0.9546489734493524,1.3528881629908172,-0.8931191619631761,1.5628947798151234,0.7573268692471743,0.32857565135653993,1.2855441404056822,3
0.24243165728756902,-0.9483753727378698,1.164755847111456,0.558861278474099,-1.0040595284311362,1.2324033492410704,-0.04711385365754962,0.7712688622869182,3
0.6092028691929723,0.09557066157543781,-0.26451670606758276,-0.8814772325156159,-1.0156456575762984,0.4863070956179739,0.8624173392982927,0.4269829158998425,6
-0.9815385868138213,-2.2075338043281225,-1.660645687630668,1.0247083517017066,-1.3555790317238106,-1.025070313533153,-0.8796373162250302,-1.1570837561535976,0
-0.9915201580550475,-1.1773131185305734,0.5570572070446413,1.7083511156074775,0.276495601398831,-1.6325952510503992,-1.2353323061128914,-0.5554672819343512,4
-0.5431109250972849,1.3316098879056242,-0.708545160471674,-0.22896068855579038,1.4162652142141592,-0.22022317461420932,-0.6995660623649854,0.17742726530547054,3
-0.1686009068422558,0.4410747391783077,0.6127126107430481,-0.6398016308513449,-0.33475378365397895,-0.26876618800993,-1.2085558911798329,-1.37951393270893,4
-1.856053846579139,-1.4240982691301247,0.91831024655515,-0.26292078674613506,2.1542061177566993,-0.665153679538325,1.510067717413572,-0.9371109042010515,1
1.5312876388365921,-1.6010865863018953,-1.3228799673427951,0.2666510247718199,0.3677297818817345,-1.1477148137973077,-0.24410278969777538,0.5444918396569814,2
0.5824595030556162,-0.6922784923602479,1.6354257889035175,0.3140667513995388,-0.5489142787224932,1.4756733873702659,0.3745532965568141,0.7113032012196038,3
0.08473120381093308,-0.23552248091106245,-0.008611732452754615,-1.7665709496625202,-0.4827391593704719,0.9960941529420242,-1.942151688477598,0.25503414254121354,2
-0.3241359156692824,-0.23594272000579972,0.028418125012850473,1.0136835641483914,-0.558910070370999,0.2446767548217881,0.0884527383609216,-0.47274302971860216,1
-2.4054853113878902,-0.28633680458134675,-0.029793806503172482,1.369912883560439,-0.7984818991508228,0.15922134307236369,-1.3963073433677098,0.373861848734659,4
0.6598511855490209,-0.0743460576520295,-0.3366246185366138,0.000876929913035551,-1.115713054733471,-0.3748034369367456,1.1205518241513561,-0.5908336651926129,6
1.5186752125802552,0.4135240911938663,0.29793715442261454,-1.3451610568212826,-1.3036622666357245,-1.4176128548439562,1.257110410233672,-1.0050794319161203,2
2.2164430607948016,-0.2979255399863209,0.9222030427594106,-0.688971375931172,-1.5268214867715912,1.6920808541589822,0.8133594306459164,1.1028033023078476,0
1.3298082267828004,1.888227670283818,-0.32481640687792307,0.4525000070797498,0.618400186739132,-0.12242200819677022,2.5297547286853175,0.8035131786391296,3
0.6029439917057335,1.2980277639719238,0.07938677007866943,-0.9026356596985257,1.219537560582008,-0.05791888989452523,-1.1289382532832435,-0.4138833361344575,2
-0.2626657266266644,1.3778603445119826,0.7055566119675929,-0.35185139548779126,0.011742147955055415,-2.3855875723427324,1.3147687936344739,0.6967277102263494,4
-1.7675576849556733,0.6592001810960197,1.3161443668704742,-0.7408080214076881,-0.04060011271920579,1.2036157542598176,-0.6342074842809388,-0.9253497513979625,5
2.0659682767327356,-0.6788392883582615,1.0832615680973405,-0.6734163252890214,0.8869468320927143,0.07232877106892209,-0.05974789730851564,0.07653722279854273,1
-1.1345462849367653,0.9919310244883423,0.8987718257328402,0.7710516859638179,-0.6350895253866364,1.2813700817706182,-1.0893479374692998,-0.11330106645013246,6
0.5919298517409673,1.0441132693529391,0.951824692570723,-0.02909156380312472,0.7645599461071569,0.15361743677593384,0.9254097367431081,0.7688228235264346,0
-1.4092387635806727,2.04634879357681,-0.7504058731111117,-0.1179307763873484,-0.5732165290411656,-1.332016674779141,-1.3086079958202788,-0.3660543684949863,1
0.7880514018300602,0.822528233935419,-0.6860731811959685,2.193778633723856,0.06387616601295412,0.7957888094063672,-0.26818847323761674,0.22992630047244225,0
1.356910832478272,0.04883284178132644,-0.5360096637351885,-0.40725815400798954,0.059916471339418166,-0.4466546761022611,2.6030872989152005,0.5348484886918312,2
0.09928980403983559,-0.5248426648430419,0.011290833988465719,0.8058705200001727,1.1313361260745594,-0.6001432443610549,0.5980137533960773,1.1598899308782675,3
-1.3341788108230161,0.2544533726923929,0.3765163685057273,1.4682874594178488,0.5465392895598409,-0.7785041250091478,-0.5662323025134359,-0.0375808204355725,1
0.9590750423427049,-0.578506489742448,0.1280642248695496,-0.2537564100648676,-0.6876256412115741,-0.6508658586797665,1.1389068313244706,1.079457036094718,3
-0.7028975482086537,0.1951982830163822,-1.4660500797318057,-1.532087241903898,2.1081560357281415,-0.11187887635605667,-0.6257773005690987,-0.5369706645470477,3
-2.1318338006752646,-0.7200542483476964,0.8698263616552737,-0.19190564504301574,-0.4500390507358418,2.0163192370249865,-0.17123196412425065,0.4636900504954611,2
0.540159987764867,1.6531490731212823,-0.018560286403135683,2.134077123275499,-0.3476127767414903,-0.49820557231163326,1.3967684332529928,-0.2734269805654747,5
0.7577820994536454,0.07097257423418112,1.1714908682704188,-0.29751967170562993,-1.9920453491810628,-1.1121210553113245,-1.1285298145167384,-1.1693280889935636,6
-0.8144881076210044,-2.232190237457838,-1.0210960266728066,0.5289933439379367,-1.0399071648548255,-1.1770058170468518,-0.20557062756847366,1.5085303390004525,2
0.7892680552744779,0.5985075916367352,0.7584006901458693,-0.02903831285059988,-2.6158708258349073,-0.014830622939022368,0.621768482325401,-0.819762298600873,6
-0.032044446413788175,0.45782900261054266,-1.0437517533003042,0.49272395992518403,0.9314706036597289,0.20581253477985578,-0.832941385423188,2.495254385932111,4
1.9439858960261838,-0.14621123580888698,1.4067498276800536,-0.46631568886746566,-0.26418545017825296,-0.9050461865392009,0.4496485947968035,-1.6621901289565897,0
-0.8845646631956511,-1.9294097365160763,1.2611388995029975,-0.9265199276993731,0.7148487345676703,-0.7131120883123448,-0.06763960070162475,-0.7923166127433476,5
-0.03641404147545776,-0.05590122097717694,0.007295016773501543,0.5543751549839906,0.6536921648430413,-0.4074808698462587,-1.0812806615905561,0.7084480151409359,3
0.2884438823442385,-1.1854229576672568,0.8696149574381855,1.173229005993062,0.02405434216151638,0.16775898575404194,0.27417005960309027,1.4140294532326718,0
1.1820389990490223,-0.7240331337671223,2.10151379123749,1.9469979326847366,-1.0053868453864812,1.1359648294691729,0.6654838819527346,0.561796331357758,5
1.5024613888120466,0.7733430108003367,0.836253781399183,-1.1698649094666254,0.37970195892343905,-1.0628626638087035,0.890355128916793,-1.5789531565724266,5
-1.6367725365182801,-1.2790754884095668,-0.5178402093223994,0.07269029005470797,1.4539063707708364,-0.8239459539979813,-0.5782576232733182,1.0850802341803352,0
1.245925639856209,0.13233091396395794,1.6518909049791557,0.7941224467097074,0.26485983634274474,-1.6430541326324146,-1.1969726331297275,0.6382913306567894,4
-0.946068403943918,1.4912757615767176,0.2890384481274802,-1.1888227001352851,-0.7162638818338559,-0.9021072922688003,-0.8124462114066843,-1.080389682441713,4
-0.40031624152748363,-1.3408355158000513,0.7143720169812114,-0.6765405662129431,-0.311100893609666,-1.4115496076729857,-1.1449751752021577,0.09056154416248191,3
0.18351127832941086,1.1779639145559035,0.13052849124753993,-0.10103964211753795,1.0247348662241285,1.1939946797482435,-1.2852240581932877,-1.2536989858232217,1
-0.17048873118980892,1.71300917450376,-1.300354989261574,-0.697207171013306,1.452974775346698,0.11550457484170186,0.5558157560972522,1.7402025718249166,0
0.7450196204175853,2.3063422847072634,-0.3810131559661649,-1.0321920948849441,0.32923962801671774,-0.06317688616071497,-1.8255481527295432,-0.19668093198860526,5
1.3520812669006186,-0.5628820919826737,0.713493915929361,1.1315420991135967,0.2808307366361043,0.8870056704496758,0.33616338142345265,-0.22954873262360573,6
0.07401562128825223,0.8351363422494607,1.664944250306815,-1.43605558793221,0.17964228631750082,-1.2163764316635202,-0.15179914842356787,1.4736056488356546,0
-1.4059492291415947,1.292467245800994,-0.2660499626105925,-0.5930098833501564,1.1485193760897814,1.5770184584258569,1.4088391617271632,-0.8805639021182092,1
-1.1625555272790302,0.06979049468514331,-0.6745258925143549,0.9702817635370288,-1.8806960927584744,1.0090094674947134,1.42310141357367,-1.2119437114158238,4
0.3279881366136327,-1.077634107823781,0.10830826422512732,0.11584236613288856,1.401454274811595,0.2668806593793043,1.3234803738884189,-0.8538512741432692,1
-2.248392168846982,1.0513533986721564,0.5304337712561389,1.5635546630991919,1.725015307533382,0.8293461278405995,-0.2884377753175411,-0.21840197439613301,0
-0.876260071436202,0.28717417023034586,-0.5035155037731783,-1.1720655359491845,-2.0774949785196584,0.4399003486607234,0.09645583714707165,-0.10103448252551217,1
-0.8965363553630352,-1.6727835073902566,0.1840943249846576,-0.04002683831328638,-1.0105302385699175,0.6493990972901674,0.14520849941087172,1.2288570427450494,3
0.6263653775455379,-0.31614293514989295,-0.6308742266208092,-1.6286195539091348,-0.16240809121739622,-0.8553343968418172,0.9070165121875055,-0.3620308390382297,5
-0.3060697981716847,0.3154501029331615,-0.17016334103192246,-1.3769464467017318,0.29358162810668115,-0.04928822374543852,-0.7954560114845906,-1.3248225061213204,1
0.849251631682467,-0.38619093871886556,1.6321961935873255,0.40584599565242374,1.5505844799784605,1.0629577331572806,-0.33644720862866173,-1.3119163406861387,6
